longitude,latitude
36.8040596,-1.2674856
36.7973407,-1.2596897
36.77077179999999,-1.2903252
36.76877329999999,-1.2960508
36.7906608,-1.2585154
36.7789504,-1.2644777
36.779680299999995,-1.2653526
36.7786367,-1.2651090999999999
36.7798183,-1.2646569
36.7940754,-1.282812
36.7963821,-1.2821470000000001
36.7975462,-1.2826994
36.7975247,-1.2832786000000003
36.797213600000006,-1.2832464000000001
36.79711170000001,-1.2835734999999997
36.79619970000001,-1.2834555
36.7956708,-1.2846042
36.7939504,-1.2842042
36.7941458,-1.2837299
36.786443299999995,-1.2814064
36.7869337,-1.2822246
36.78755569999999,-1.2818095999999999
36.7871655,-1.280941
36.7553826,-1.2888117
36.7553836,-1.2890266000000001
36.7558769,-1.2890244
36.7558762,-1.288871
36.7562395,-1.2888693
36.7562389,-1.2887315999999998
36.7558036,-1.2887336
36.755804,-1.2888098
36.7546564,-1.2892602
36.7564856,-1.2893192
36.7565259,-1.2877344
36.7559948,-1.2877049
36.7558392,-1.2878228999999999
36.75487630000001,-1.2888848
36.754541,-1.289228
36.7966936,-1.2595952
36.79764850000001,-1.2597346
36.7754957,-1.2689536
36.777949,-1.2682632999999999
36.777900699999996,-1.2691375000000003
36.7785391,-1.2693038
36.7783191,-1.2696309
36.7778149,-1.271331
36.7768332,-1.2710843000000003
36.7753848,-1.2709555999999997
36.7755434,-1.2694181
36.76551880000001,-1.2870263
36.76555559999999,-1.2875973
36.7647168,-1.2877229
36.7647517,-1.2870748
36.764697500000004,-1.2877327
36.7647351,-1.2878720999999997
36.76495800000001,-1.2877982
36.7649097,-1.2876581
36.7835731,-1.2924802
36.7847345,-1.2924372999999998
36.784866,-1.2936896
36.783999599999994,-1.2937271
36.7836539,-1.2935053
36.7822067,-1.2572737
36.7841861,-1.2574400000000001
36.7840064,-1.2591509
36.7820256,-1.2588880000000002
36.7545827,-1.2895529
36.7545928,-1.2899155000000002
36.7540843,-1.2902743
36.754211500000004,-1.2895535
36.7900236,-1.2760198
36.7901524,-1.2759501
36.7908551,-1.2759072000000002
36.7925184,-1.2765642
36.79163830000001,-1.2773874000000003
36.808515,-1.2761011
36.7971489,-1.2862693999999997
36.7921531,-1.2763787
36.79414959999999,-1.2832957
36.782106600000006,-1.2583619
36.7821898,-1.2584665
36.78255190000001,-1.258578
36.7825519,-1.2585791000000002
36.7824889,-1.2585694
36.7824955,-1.2585094000000001
36.7824634,-1.2587775000000003
36.7824887,-1.2585705
36.7825706,-1.2584263
36.78204220000001,-1.2588096999999998
36.782525,-1.2588687000000003
36.7821522,-1.2587346
36.7610514,-1.2631279999999996
36.7625182,-1.2628871000000002
36.763867600000005,-1.2626134
36.7643366,-1.2625165999999999
36.7647271,-1.2623829
36.7652686,-1.2621152999999998
36.7662623,-1.2615567
36.7671615,-1.261003
36.767783,-1.260681
36.76825869999999,-1.2604881
36.7687446,-1.2602967
36.7695472,-1.2601087
36.7707673,-1.2598588
36.770406200000004,-1.2580673
36.7752005,-1.2680954
36.775401200000005,-1.2685351
36.776078000000005,-1.2682196
36.7761536,-1.2675778
36.780616900000005,-1.2959644
36.7818189,-1.2959062999999997
36.7817461,-1.2942348
36.7813363,-1.2942718
36.781331699999996,-1.2941301000000003
36.7812578,-1.2941378
36.781256400000004,-1.2939276999999998
36.7805409,-1.2939738000000003
36.7686975,-1.2955181
36.7677372,-1.2953572
36.7986709,-1.2881453
36.7986975,-1.2880367
36.79890400000001,-1.2880873
36.7989262,-1.2879965000000002
36.7991261,-1.2880454
36.7990773,-1.2882447999999997
36.77252430000001,-1.2704026000000002
36.7743101,-1.2717053
36.8092278,-1.2818246000000002
36.8081764,-1.2821839
36.80811740000001,-1.2826130000000002
36.80725900000001,-1.2825218
36.8071088,-1.2831117
36.8066797,-1.2838250000000002
36.8074683,-1.2851283
36.8089864,-1.2850103
36.8101129,-1.2852355000000002
36.8114165,-1.2857449999999997
36.812162099999995,-1.2846777999999999
36.811883200000004,-1.2844096
36.811641800000004,-1.2839913
36.8116364,-1.2836266
36.811674,-1.2835622
36.8116579,-1.2831707
36.8111912,-1.2831064000000003
36.810649399999996,-1.2829133000000001
36.8102738,-1.2827094999999997
36.8097428,-1.2822966
36.7782744,-1.2938925000000001
36.7782198,-1.2927011
36.7789935,-1.2926657
36.77904809999999,-1.2938571
36.7791794,-1.2926804
36.7803382,-1.2926321000000003
36.780402499999994,-1.2939407
36.7792492,-1.2939782
36.77070799999999,-1.2701596000000002
36.77113210000001,-1.2740573
36.773258299999995,-1.2769307
36.772695,-1.2773557000000002
36.7737806,-1.2799686000000001
36.7577491,-1.2641454
36.7586183,-1.2640477
36.7590698,-1.2640026
36.7739081,-1.264895
36.77448,-1.2656488
36.7753169,-1.2651208
36.77542270000001,-1.2650495
36.774872200000004,-1.2642398
36.774813,-1.2654778
36.761349100000004,-1.2820621
36.7609937,-1.2818246
36.7610181,-1.2814973000000003
36.7568491,-1.2952437
36.754588,-1.2902438
36.7538114,-1.2901164
36.7705757,-1.2813645
36.771844400000006,-1.2766869
36.7720006,-1.2764181000000001
36.7724019,-1.2766295999999997
36.77224770000001,-1.2769181999999997
36.7885414,-1.2925962000000002
36.7886276,-1.2929776999999998
36.7892281,-1.2927276
36.7890642,-1.2929226
36.789265900000004,-1.2929511
36.7892282,-1.2929487000000002
36.7886592,-1.2930009
36.788831599999995,-1.2929443000000003
36.781833,-1.2925422000000002
36.78186420000001,-1.2935847
36.78354559999999,-1.29357
36.7939689,-1.2920693
36.8058428,-1.2772584
36.7615857,-1.2676486
36.7614892,-1.2676357
36.761683,-1.2677106000000002
36.7578672,-1.2685324
36.757857,-1.2685193999999997
36.7540233,-1.2723933
36.7540933,-1.2725517
36.75463450000001,-1.2732425
36.7545412,-1.2732442
36.7548078,-1.2722717000000001
36.7567817,-1.271935
36.7575593,-1.2707798000000001
36.7576633,-1.2709483
36.7540833,-1.2724344
36.75827869999999,-1.2689994000000004
36.75817599999999,-1.2690934
36.7580829,-1.2690212000000003
36.7517833,-1.2724963
36.7598382,-1.2691745
36.76242380000001,-1.2666655
36.763193799999996,-1.2659588
36.7584588,-1.2640126
36.7595471,-1.2692636
36.7526422,-1.2737347000000003
36.75278,-1.2737017
36.7529541,-1.2736984999999998
36.75234450000001,-1.2737942000000002
36.7500902,-1.2747069
36.7499644,-1.2746360999999997
36.7538008,-1.2715542000000002
36.7534742,-1.2717333000000002
36.7974043,-1.2593338999999997
36.7963839,-1.2605106000000001
36.8038154,-1.2788975
36.8026486,-1.2795973
36.80357660000001,-1.280796
36.8050331,-1.2794606
36.8058485,-1.2786453999999998
36.8044886,-1.2789027999999998
36.8053295,-1.2786159000000001
36.8060289,-1.2784349
36.7741177,-1.2710098
36.7749878,-1.2710872
36.77506520000001,-1.2713473
36.7746565,-1.2723039
36.7737988,-1.2720129000000002
36.7738731,-1.2718457
36.7740713,-1.2714216
36.7679334,-1.2969202
36.77976160000001,-1.2716623
36.8041571,-1.278946
36.7548194,-1.2893741
36.7570555,-1.2895001000000001
36.75437840000001,-1.2851036999999998
36.75443,-1.28504
36.7545083,-1.2850117000000003
36.754476700000005,-1.2850382999999999
36.75904880000001,-1.2851623
36.75901,-1.2851717
36.7566839,-1.2816975000000002
36.7515421,-1.2756660000000002
36.75161440000001,-1.2772696
36.7528517,-1.2778040999999998
36.75499150000001,-1.2806044
36.75945719999999,-1.2763769000000003
36.7572059,-1.2795469
36.7552946,-1.2763923
36.757296,-1.274461
36.7558073,-1.2748548
36.7571555,-1.2754126999999997
36.7650415,-1.2870134000000002
36.764739500000005,-1.2872702
36.7649797,-1.2876316
36.765046500000004,-1.2877487
36.7655707,-1.2871745
36.7658053,-1.2875378000000002
36.7658669,-1.2873835000000002
36.76483609999999,-1.2869422000000001
36.76512520000001,-1.2869320999999998
36.7653767,-1.2870115000000002
36.7654655,-1.2870028999999998
36.781045399999996,-1.2703734
36.7830928,-1.270405
36.78304800000001,-1.2706178
36.7798798,-1.2710989
36.781444799999996,-1.2686866
36.782798500000006,-1.2689357000000001
36.78375530000001,-1.26951
36.78501,-1.2720762
36.783566900000004,-1.2705386
36.7837791,-1.2738032
36.7789496,-1.2782648
36.7791293,-1.2783426000000002
36.7794565,-1.2783586
36.7779411,-1.2762617
36.7791132,-1.2741513
36.7793626,-1.2732959
36.7795019,-1.2726303
36.78456719999999,-1.2726435
36.7840668,-1.2725789000000003
36.7845908,-1.2714323000000003
36.7846793,-1.2716816
36.7846394,-1.2718394000000002
36.78540830000001,-1.2893042
36.7852603,-1.2893632
36.7853172,-1.2893213
36.7831171,-1.2935316
36.7827013,-1.2935435999999998
36.7677948,-1.296963
36.7679838,-1.2970831
36.7678451,-1.2971259
36.7670151,-1.2874672
36.7646613,-1.2881731
36.7647097,-1.2869273
36.7647686,-1.2865951
36.765592399999996,-1.2862248000000003
36.76631939999999,-1.2858579000000003
36.7665167,-1.2862421
36.7657356,-1.2872677999999997
36.766269,-1.2864969
36.7664128,-1.2867663000000003
36.7660798,-1.2869565
36.765921299999995,-1.2868206
36.7660221,-1.2866531
36.766175,-1.2865082
36.7700808,-1.2599994000000003
36.77991409999999,-1.2787263
36.7805237,-1.2792421000000003
36.7806286,-1.2792733
36.7810935,-1.2786838
36.7816152,-1.2785222000000003
36.78217370000001,-1.2784513000000002
36.7826727,-1.2783068
36.7830838,-1.2782132
36.7831745,-1.278148
36.783514700000005,-1.2778136000000002
36.7835573,-1.2776634
36.7835601,-1.2775131
36.783744399999996,-1.2770029
36.7841271,-1.2767280000000003
36.7842916,-1.2765608000000002
36.785023,-1.2759315
36.784901100000006,-1.2757274
36.784694699999996,-1.2754833000000003
36.784634,-1.2753292
36.784750700000004,-1.2750163999999997
36.784577899999995,-1.2740732999999997
36.78430709999999,-1.2738911999999998
36.7835318,-1.2738492
36.78351,-1.2737603000000002
36.783962,-1.2736432000000002
36.7837913,-1.2732983999999998
36.7837957,-1.273127
36.7837334,-1.2729929999999998
36.7837499,-1.2705889000000001
36.7787862,-1.2782256
36.7782678,-1.2777735000000001
36.7779313,-1.2770567
36.779101999999995,-1.2783308
36.7835205,-1.2738047
36.7846669,-1.2754181
36.7804423,-1.2791732
36.78015280000001,-1.2789293
36.7561244,-1.2892901
36.755189400000006,-1.2885225
36.755925399999995,-1.2877575
36.8073696,-1.2886271
36.7627054,-1.2774947
36.7480552,-1.2898456
36.74832880000001,-1.2893038999999997
36.7474598,-1.2890465
36.7472291,-1.2895399
36.71791950000001,-1.2609222999999998
36.7178055,-1.2611639
36.7184063,-1.2610781
36.7186115,-1.2611636
36.718443900000004,-1.2614374
36.718370099999994,-1.2612387
36.737995,-1.3003087
36.737714800000006,-1.2972268999999998
36.7386628,-1.2978887999999997
36.737782,-1.2985109
36.7379626,-1.2989952
36.7381449,-1.2995809
36.7321467,-1.3019426000000003
36.7447652,-1.3009059
36.7562597,-1.2958493999999998
36.7558664,-1.2957012
36.756063,-1.2950364
36.7567086,-1.2959552
36.7533495,-1.2982043
36.7385232,-1.283981
36.7383936,-1.2841398
36.7383267,-1.2845576
36.7385106,-1.2849463
36.73928440000001,-1.2851154000000002
36.7396893,-1.2846788
36.7389035,-1.283747
36.73821209999999,-1.2819893
36.7195643,-1.2667548
36.7196545,-1.2669198
36.716277700000006,-1.2636456999999999
36.7456667,-1.2734067
36.74575780000001,-1.2725287
36.74556379999999,-1.2733465000000002
36.74248390000001,-1.275428
36.74138750000001,-1.2747512
36.7411434,-1.2762055999999997
36.7356895,-1.2754536999999997
36.7355487,-1.2754444000000003
36.735636,-1.2754730000000003
36.719969400000004,-1.2647274
36.7201431,-1.2647911999999997
36.74336170000001,-1.2747403
36.7436851,-1.2766950999999997
36.7428631,-1.2744772000000002
36.7435345,-1.2736426
36.7445419,-1.2734888
36.74462719999999,-1.2735054
36.7451455,-1.3018315
36.7441183,-1.2731849999999998
36.7286863,-1.2900231
36.7386377,-1.2937006000000002
36.7383433,-1.2908769
36.7369959,-1.2911426000000001
36.7446219,-1.2973175
36.73598539999999,-1.2870276000000003
36.73875520000001,-1.2857834
36.7349748,-1.2773240000000001
36.7363222,-1.2775446
36.7363222,-1.2777875
36.74011930000001,-1.2803971
36.7441545,-1.2809708000000002
36.7430588,-1.28132
36.7442138,-1.2810524
36.74789,-1.2776467
36.7450292,-1.2787234999999997
36.744711699999996,-1.2776250000000002
36.746825,-1.2899683000000002
36.748206700000004,-1.2917683
36.7430588,-1.2740312999999999
36.7404859,-1.2895248
36.74701,-1.2897267
36.7486848,-1.2875070000000002
36.74908169999999,-1.2876999999999998
36.74909,-1.2875933
36.7473053,-1.2849605
36.74618999999999,-1.2845566999999998
36.7462017,-1.2844833
36.74941100000001,-1.2861617
36.7464128,-1.2844302
36.75079,-1.2863999999999998
36.7494367,-1.2857283000000002
36.7519367,-1.286465
36.75208500000001,-1.28649
36.7514433,-1.2860167
36.751438300000004,-1.2859617000000003
36.751333300000006,-1.284735
36.7520333,-1.2850767000000003
36.75368970000001,-1.2837951
36.7529659,-1.2838495000000003
36.7488803,-1.2824858999999997
36.7529587,-1.2838575
36.7529582,-1.2838534
36.7497945,-1.2829122
36.7501783,-1.2823798
36.7523648,-1.2822035
36.7508051,-1.2782753
36.75137579999999,-1.2788592
36.74243330000001,-1.28428
36.74249,-1.284365
36.7418317,-1.2847817
36.74187,-1.2848900000000003
36.74808670000001,-1.2887217
36.7485491,-1.2892408
36.74889830000001,-1.2887633000000003
36.751915,-1.2925917000000002
36.7468883,-1.2894582999999997
36.74684169999999,-1.28976
36.74835000000001,-1.29149
36.7384447,-1.2848069999999998
36.7046362,-1.2537483
36.7024376,-1.254787
36.7093539,-1.2570993
36.709006,-1.2573663
36.7091757,-1.257859
36.70908430000001,-1.2570455
36.708933900000005,-1.2578068
36.7136273,-1.2588874
36.7065748,-1.2615258
36.7069057,-1.2616417
36.7134122,-1.2595400999999997
36.7135003,-1.2592466
36.7145053,-1.2606288
36.7131189,-1.2605684
36.70689420000001,-1.2615735999999997
36.7138568,-1.2581615
36.70658920000001,-1.2615962
36.714998200000004,-1.2580254000000002
36.7137373,-1.2585729999999997
36.7311291,-1.3021760000000002
36.713626,-1.2606495
36.7140064,-1.2606538999999999
36.7154074,-1.258746
36.71477620000001,-1.2587794
36.7148689,-1.2580225000000003
36.713584899999994,-1.2581509999999998
36.715269000000006,-1.2603107
36.7153676,-1.2596031000000003
36.7136119,-1.2579087
36.714087000000006,-1.2574083
36.7133893,-1.2579115
36.7133934,-1.2573681000000003
36.7150214,-1.2574884
36.71442640000001,-1.2606321
36.711437,-1.2580434
36.7111584,-1.2576033000000002
36.7112659,-1.2575822
36.71082019999999,-1.2580835
36.7113443,-1.2579803
36.71083560000001,-1.2581618
36.7113279,-1.2574897
36.7111432,-1.2575261
36.7119967,-1.2543303999999997
36.7119245,-1.2748373000000002
36.7119527,-1.27665
36.7133126,-1.2766433
36.7133622,-1.2766527
36.7133689,-1.2767050000000002
36.71495540000001,-1.2766847999999997
36.715064,-1.2765789
36.7150399,-1.2756712000000001
36.7150372,-1.2753427
36.7150372,-1.2752408000000002
36.71501440000001,-1.2746402
36.7149983,-1.2745463000000001
36.7149514,-1.2742272000000001
36.7149353,-1.2741869999999997
36.7128539,-1.2741856
36.712089500000005,-1.2742138
36.71207199999999,-1.2742178
36.712022399999995,-1.2742983000000003
36.71199690000001,-1.2743720000000003
36.7119715,-1.2744484
36.7119326,-1.2745088
36.7119272,-1.2745624
36.7150365,-1.2753127999999998
36.7359803,-1.3008716
36.7358857,-1.3008979999999999
36.73559509999999,-1.3009791999999998
36.7353971,-1.3010345
36.7374285,-1.2970979
36.7370551,-1.3005700000000002
36.73658230000001,-1.3006974
36.713589999999996,-1.2581051000000003
36.73840309999999,-1.284735
36.7391003,-1.2850750000000002
36.9144396,-1.2706075
36.91462700000001,-1.2702275
36.914698,-1.270271
36.9145019,-1.2706504
36.9165175,-1.2641292
36.91559310000001,-1.2689673000000001
36.9106024,-1.2724836000000002
36.916427,-1.2631786
36.91519660000001,-1.2643916999999998
36.9164157,-1.2648566000000003
36.9173683,-1.2640913
36.91687499999999,-1.2635867
36.9199948,-1.2630880999999998
36.91900389999999,-1.2725412
36.9093106,-1.27821
36.9161961,-1.2781940999999999
36.9164168,-1.2676856
36.9137287,-1.2713704
36.9165194,-1.2631832
36.897114,-1.2949352999999997
36.89589310000001,-1.2950962
36.8956262,-1.2957726000000003
36.896257899999995,-1.2946725
36.897555,-1.2945824
36.8971634,-1.2940300000000002
36.8975668,-1.2947207
36.8960572,-1.2961591
36.89601110000001,-1.2948816
36.8970679,-1.2940342999999999
36.8944196,-1.2969838
36.8938617,-1.2962652000000001
36.8934042,-1.2955482
36.8953423,-1.2958791
36.8940334,-1.2950210000000002
36.8948595,-1.2966728
36.8945055,-1.2947421000000001
36.894645,-1.3134346
36.89491220000001,-1.3139178
36.9006611,-1.2883784
36.8930773,-1.3021582
36.8979673,-1.2849152000000001
36.955049300000006,-1.2583859
36.955186100000006,-1.2588887
36.9562268,-1.2589531
36.9562483,-1.2587707
36.95633410000001,-1.2585401
36.9564521,-1.2582183
36.9473935,-1.2704133
36.9211339,-1.3071938
36.90809300000001,-1.3105592
36.902094500000004,-1.3077874000000003
36.8905745,-1.2975383
36.9077285,-1.288289
36.906971999999996,-1.289028
36.90577170000001,-1.2895779
36.9005334,-1.2825446000000003
36.9009622,-1.2822990999999997
36.9010905,-1.2825922999999997
36.9006507,-1.2828304
36.9064987,-1.2870355999999998
36.9061848,-1.2882476
36.9058147,-1.2872957000000003
36.9487657,-1.2644313
36.9489936,-1.2651243
36.9492347,-1.2651168
36.9489688,-1.2643635000000002
36.95266079999999,-1.2628117
36.9527468,-1.2625193
36.95278050000001,-1.2625147
36.95366039999999,-1.2629141000000002
36.9535135,-1.2630804999999998
36.9460124,-1.2718335
36.9468312,-1.2720913999999999
36.946856999999994,-1.2721172
36.9470549,-1.2727149
36.9473796,-1.2736393
36.9467323,-1.2738628999999997
36.9465431,-1.2733491
36.9459066,-1.2735168
36.9457324,-1.2729857999999998
36.945741,-1.2729169999999999
36.945913,-1.2722376
36.9461014,-1.2717926
36.9433435,-1.2735774
36.943257200000005,-1.2736175
36.9432326,-1.273562
36.9428043,-1.2737284
36.94284129999999,-1.2737992000000002
36.9425917,-1.2739224
36.9426903,-1.2741689
36.9427993,-1.2744456
36.9435602,-1.2740953
36.9435284,-1.2740564000000003
36.9039225,-1.3043698
36.9031297,-1.2846009
36.9010334,-1.2873249
36.900088,-1.2875528
36.90121919999999,-1.2879450000000001
36.90115920000001,-1.2878521
36.9730845,-1.2846791999999998
36.9736467,-1.2844690000000005
36.9738248,-1.2849431
36.9737754,-1.2849837999999998
36.9737518,-1.2850653
36.9732948,-1.2852284
36.949043399999994,-1.2651362
36.9467077,-1.2735582
36.9463932,-1.2734241
36.9462289,-1.2734415
36.9530544,-1.2630122999999998
36.9674287,-1.2786913
36.8952723,-1.2961997000000003
36.94926159999999,-1.2651083000000003
36.949061,-1.2651829000000003
36.9582001,-1.2766854
36.957161,-1.2765270000000002
36.9570404,-1.2764775999999998
36.95700480000001,-1.2764294
36.956980699999995,-1.2763892
36.95630649999999,-1.2746530999999999
36.95813390000001,-1.2740023000000003
36.9584554,-1.2747602
36.9584452,-1.2749642999999997
36.95825930000001,-1.2763244
36.9699524,-1.2829693999999998
36.9730012,-1.2884689
36.96581669999999,-1.2839826
36.9612353,-1.2664738000000002
36.9617359,-1.2664877
36.9617128,-1.2668465
36.96086509999999,-1.2664335000000002
36.9608943,-1.2660433
36.9612586,-1.2660577999999998
36.9578358,-1.2766299
36.9470505,-1.272702
36.8972715,-1.2950695000000003
36.9672938,-1.2768158
36.9677891,-1.2780890000000003
36.967314,-1.2783012
36.9674839,-1.278667
36.96734,-1.278738
36.967267199999995,-1.2785793000000003
36.9670635,-1.2786891000000002
36.9669934,-1.2785542
36.9665953,-1.2787579000000002
36.9659544,-1.2774426
36.8910743,-1.2516245
36.894836000000005,-1.2443813
36.8955169,-1.2451768
36.89281270000001,-1.2514791
36.8939547,-1.2462468999999998
36.8944814,-1.2461267
36.8879825,-1.2528072999999997
36.886533,-1.2549452000000003
36.8870507,-1.2513745000000003
36.8870077,-1.2547047
36.8872596,-1.25185
36.8860947,-1.2533801000000002
36.8861659,-1.2534438000000003
36.8862538,-1.2535228
36.8863262,-1.2535848
36.8864297,-1.2536604000000002
36.8865077,-1.2537286000000003
36.8857286,-1.2537894000000003
36.8857998,-1.253853
36.8862468,-1.2538692
36.8863248,-1.2539374
36.8859007,-1.253935
36.885973099999994,-1.2539970000000003
36.8854048,-1.2467295
36.8828058,-1.2475744
36.8847138,-1.246735
36.8834469,-1.2493719
36.8832957,-1.2491174
36.8837826,-1.2477589
36.882797,-1.24909
36.8832226,-1.2492659
36.883331999999996,-1.2483545
36.884342700000005,-1.2480206
36.8838064,-1.2488282
36.88238019999999,-1.2482735
36.8863152,-1.2473307
36.8832479,-1.2492248000000001
36.8834197,-1.2472963
36.90472,-1.2373463999999998
36.897019,-1.2427169
36.899809,-1.2398798
36.9003444,-1.2394036000000002
36.902406299999996,-1.2381446
36.8989386,-1.2417525000000003
36.8990552,-1.2412349000000003
36.8975498,-1.2411406999999999
36.8795913,-1.2482795
36.8806175,-1.2485922
36.88073070000001,-1.2474097000000002
36.878145100000005,-1.2487252
36.895482599999994,-1.2453520999999999
36.8921506,-1.2520697
36.8879593,-1.2526473
36.8882147,-1.250659
36.887715300000004,-1.252722
36.886720700000005,-1.2524043
36.8870272,-1.2514338999999999
36.8884618,-1.2538143000000002
36.8925174,-1.2509239
36.8871337,-1.2546094000000003
36.886063,-1.2560343000000003
36.887206,-1.2510962999999997
36.88773,-1.2517090000000002
36.89056279999999,-1.2527145
36.886065800000004,-1.2568256
36.8879695,-1.2533934000000002
36.8888469,-1.2535380000000003
36.8888044,-1.2518246
36.8873422,-1.2519049000000002
36.8875784,-1.2523028
36.8949658,-1.2461857
36.8868797,-1.2546384
36.8782733,-1.2564269
36.87813040000001,-1.2564397000000003
36.8785292,-1.2573252999999998
36.8781492,-1.2574872
36.87834740000001,-1.2586393
36.8784302,-1.2587324000000002
36.8782791,-1.2592575999999998
36.8784574,-1.2593183000000001
36.88060190000001,-1.3197715
36.8838666,-1.3213122000000002
36.88528170000001,-1.3216634000000003
36.8845538,-1.3198522
36.8842216,-1.3209899
36.8844735,-1.3186966
36.8874341,-1.3188699
36.880278100000005,-1.3113841
36.8823681,-1.318188
36.8819918,-1.317545
36.8866539,-1.3164539999999998
36.8869166,-1.3162563999999999
36.8874314,-1.3175371000000002
36.8871686,-1.3161300999999999
36.8879411,-1.3176332
36.8762149,-1.3226533
36.885315,-1.3210458000000003
36.8642818,-1.3147141000000002
36.8720711,-1.3154048
36.8733399,-1.3149204
36.8772212,-1.3174862
36.88476850000001,-1.3147694
36.8804355,-1.3129093999999997
36.8756675,-1.3190444000000001
36.8781585,-1.3153243999999997
36.874573,-1.3106190000000002
36.887218,-1.3091534
36.8778032,-1.3135775
36.8646388,-1.3127173
36.8710145,-1.3181964
36.8630705,-1.3142104
36.879785000000005,-1.3176413
36.869993,-1.3134614
36.881454500000004,-1.3167214
36.8840665,-1.3143814000000003
36.8803795,-1.3091984
36.88393750000001,-1.3147174
36.8857793,-1.3144112
36.88046799999999,-1.3146116000000003
36.87418970000001,-1.3109533000000002
36.8708679,-1.3141886
36.8779425,-1.3157634
36.8702678,-1.314593
36.883725500000004,-1.3135684000000003
36.86432039999999,-1.3127147
36.8763687,-1.3179735
36.8696115,-1.3134514
36.8697105,-1.3155434000000001
36.8865885,-1.3210874
36.88183029999999,-1.3137932
36.8779945,-1.3096714
36.8785045,-1.3095084000000001
36.8856095,-1.3083784000000003
36.885110100000006,-1.3201547
36.8804793,-1.321026
36.8852208,-1.3209791
36.8799938,-1.3177969
36.8784611,-1.3209036000000003
36.88461180000001,-1.3140288
36.8844618,-1.3181308
36.885061,-1.3167323
36.8839072,-1.3155359
36.886077400000005,-1.315331
36.8885008,-1.3187624000000002
36.88746330000001,-1.3185183
36.886462,-1.3172595
36.8874022,-1.3181379
36.88663640000001,-1.3193478
36.88819989999999,-1.3174557999999998
36.8869456,-1.3175347
36.8874661,-1.3184092999999997
36.8905388,-1.3249444
36.88971329999999,-1.3260065999999997
36.8862681,-1.3195023
36.8892656,-1.3220051
36.88724010000001,-1.3209807
36.891012,-1.3253818000000002
36.8900109,-1.3249758
36.8898059,-1.3232733000000003
36.8746183,-1.3135862
36.8745641,-1.3148608000000002
36.8755182,-1.3194658
36.8743158,-1.3171152
36.8728266,-1.3151046
36.87157510000001,-1.3173637
36.8751022,-1.3161541999999997
36.8757668,-1.3111346000000001
36.87793700000001,-1.3094065
36.8763017,-1.3112795
36.8494452,-1.3150346
36.8691785,-1.3161024000000001
36.8737569,-1.3156397
36.8743104,-1.3160212999999998
36.8733809,-1.3161441
36.8739401,-1.3165445
36.8554493,-1.3148042
36.8546704,-1.3155071999999999
36.855644,-1.3155793
36.85515000000001,-1.3157343
36.85468480000001,-1.315792
36.855049,-1.3148979000000003
36.8616247,-1.3147317
36.8621555,-1.3144763
36.8703476,-1.3135201
36.869927000000004,-1.3137239999999997
36.8702985,-1.3137814999999997
36.8801896,-1.3150942
36.876143400000004,-1.3220849000000001
36.871451400000005,-1.3133703000000003
36.88024969999999,-1.3113526999999998
36.87514159999999,-1.3117663
36.8826446,-1.3157406000000003
36.8806391,-1.3195258
36.8787627,-1.3200522
36.8778224,-1.3170616
36.8857294,-1.3218361
36.8854413,-1.3142414
36.87709250000001,-1.3192475999999997
36.8479871,-1.3176335000000001
36.8943098,-1.3136330000000003
36.8945861,-1.3140998
36.8481573,-1.3174126999999998
36.8483097,-1.3174617
36.848035,-1.3176304999999997
36.8479371,-1.3175172
36.8654894,-1.3118617999999997
36.8760093,-1.311354
36.8699569,-1.3135772
36.848115,-1.3173637
36.8482204,-1.3173583
36.8482258,-1.3175341
36.848192,-1.317495
36.87071529999999,-1.3139684
36.870652400000004,-1.3142123000000001
36.8710135,-1.3142727000000003
36.8711047,-1.3140311999999998
36.8956499,-1.2774597
36.885253500000005,-1.2594887000000001
36.8785766,-1.260379
36.8461735,-1.2782533
36.8457428,-1.2756986000000001
36.8577145,-1.2654596
36.86034900000001,-1.2624565999999997
36.8581054,-1.2652147
36.8520017,-1.2645743
36.859284099999996,-1.2622761
36.8463639,-1.2647801
36.846503,-1.2647805000000003
36.846385899999994,-1.2648891
36.8469345,-1.264564
36.847018000000006,-1.2644193000000001
36.8470842,-1.2647479
36.8461509,-1.2649364
36.8464784,-1.2646582999999998
36.8462654,-1.2647999
36.8467361,-1.2647336
36.846711,-1.264609
36.8469759,-1.2647696
36.8460846,-1.2646071
36.8462463,-1.264705
36.8626607,-1.261091
36.862644,-1.2614051
36.8622628,-1.2610939
36.84343619999999,-1.2658062
36.8450669,-1.2657407
36.8451595,-1.2653022
36.8460009,-1.2657006000000002
36.8622156,-1.2629153
36.8694751,-1.2591174
36.86921619999999,-1.2601653
36.87091960000001,-1.2593934
36.8701449,-1.2601512000000001
36.8724877,-1.2595176
36.8693182,-1.2601969
36.8702936,-1.2594850000000002
36.8710772,-1.2602356
36.8707009,-1.2602074
36.8723933,-1.2595682
36.8711477,-1.2593941
36.8712963,-1.2602163000000002
36.8712014,-1.2593587
36.8700955,-1.2595286999999997
36.8697122,-1.2601265999999998
36.8699237,-1.2601273
36.8719852,-1.2598299
36.87174300000001,-1.2599959
36.8697806,-1.2595617
36.8690996,-1.2597625
36.8710298,-1.2593962
36.8714927,-1.2601253
36.875171,-1.2621334
36.8752129,-1.2607972000000003
36.876835,-1.2623861
36.8769072,-1.2608956
36.8711839,-1.2602437
36.847309,-1.2664217
36.8717707,-1.2640898
36.8727041,-1.2639021000000001
36.87252709999999,-1.2638431
36.8714864,-1.2640415
36.8729079,-1.2642292
36.872468000000005,-1.2641112
36.8713362,-1.2639986
36.8713791,-1.2638216000000002
36.8726075,-1.2643204
36.8711323,-1.2637680000000002
36.8714327,-1.2636017
36.87147559999999,-1.2640898
36.87221589999999,-1.2640576
36.8725914,-1.2643579
36.8724627,-1.2642882
36.87245730000001,-1.2643365
36.8728704,-1.2643847
36.871588300000006,-1.2636446
36.87154540000001,-1.2638699
36.8713362,-1.2640522
36.872173,-1.2642131
36.8726612,-1.2641488000000003
36.8718029,-1.2639449999999999
36.871084,-1.263945
36.861983,-1.2616417000000002
36.8527113,-1.2652968
36.85419029999999,-1.2643702000000001
36.852418,-1.2658491
36.8537117,-1.265587
36.8529678,-1.2650117
36.86155960000001,-1.2626345
36.8614925,-1.2627787
36.8622982,-1.2632395
36.8622051,-1.2632369
36.8574343,-1.2652951
36.8615767,-1.2625933
36.8581427,-1.2652692000000003
36.856620899999996,-1.2654883
36.8503226,-1.2651838
36.8562392,-1.2651587
36.85203609999999,-1.2656861
36.8638628,-1.2612235
36.860148,-1.2630946
36.851738499999996,-1.2651198
36.8594739,-1.2643407000000002
36.8594299,-1.264352
36.8573878,-1.2636017
36.8630184,-1.2626854
36.860592,-1.2638977000000002
36.8582478,-1.2636033
36.8579958,-1.2636842
36.8590236,-1.2626872
36.84158860000001,-1.2817154000000002
36.8409832,-1.2818885
36.8406635,-1.2819418
36.876214899999994,-1.26264
36.8435305,-1.2664474000000001
36.8435632,-1.2665932000000002
36.862601,-1.261205
36.862532,-1.2612300000000003
36.863969,-1.261335
36.8631403,-1.2614152
36.8701237,-1.2599802
36.84710079999999,-1.2646117
36.8455018,-1.2655958
36.86018,-1.2634978
36.8685089,-1.2599079
36.86840649999999,-1.2591721
36.870719,-1.259225
36.876035200000004,-1.2603145000000002
36.8715756,-1.259848
36.868409400000004,-1.2592801
36.866867,-1.259647
36.866742,-1.2610385
36.8665046,-1.2602932
36.8653216,-1.2611937
36.865695,-1.260425
36.86842570000001,-1.2599623
36.8747639,-1.2615505999999999
36.8503271,-1.2645918
36.85368499999999,-1.265828
36.846095,-1.266173
36.845724,-1.264906
36.853114,-1.265155
36.8495417,-1.2646045000000001
36.84536069999999,-1.2657696000000003
36.852141800000005,-1.2653827
36.8666936,-1.2611456
36.865724,-1.261553
36.8459172,-1.2665386
36.86281,-1.262259
36.87570099999999,-1.2611870000000003
36.8767159,-1.2611790000000003
36.850221,-1.265278
36.8448054,-1.265717
36.8719796,-1.2639898999999999
36.8436533,-1.2661150000000003
36.8437083,-1.2661133
36.8452517,-1.2647600000000003
36.8454517,-1.2650483
36.844710000000006,-1.265145
36.8448133,-1.2653767
36.8456817,-1.26573
36.845745,-1.2657917
36.85158,-1.2659517
36.8528817,-1.2654083
36.85434750000001,-1.2644056
36.85482,-1.2636633
36.85475999999999,-1.263725
36.862170000000006,-1.2615667
36.85923009999999,-1.2626668
36.8586833,-1.2636783
36.8442704,-1.2654977999999997
36.8442388,-1.2654689
36.8446737,-1.2656664
36.8492033,-1.2659769
36.849152000000004,-1.2657329
36.8529783,-1.2650117
36.85838019999999,-1.2653815
36.8631108,-1.2627293
36.8467103,-1.2682177999999997
36.8466745,-1.2677687
36.8453317,-1.2649085000000002
36.8468203,-1.2647137000000002
36.8460547,-1.2653755
36.85216,-1.2637707000000002
36.8444895,-1.2662769
36.86750169999999,-1.2604034000000002
36.8675616,-1.2603827000000003
36.8521785,-1.2653474999999998
36.8535995,-1.2646641
36.8704429,-1.2604285
36.8502829,-1.2651517
36.85471280000001,-1.2655251
36.8539793,-1.2654408000000001
36.8553081,-1.2637954
36.8562896,-1.2645314
36.8667437,-1.2610966999999997
36.8663542,-1.2603653000000001
36.8658474,-1.2601417
36.8675667,-1.2610095
36.8681472,-1.2605097999999997
36.86842060000001,-1.2611393
36.86813140000001,-1.2604153
36.868397699999996,-1.2603879
36.86938730000001,-1.2592606
36.8681242,-1.2598503999999997
36.8680851,-1.2597876
36.8573468,-1.2654681000000003
36.8570264,-1.2645934
36.8573067,-1.2654199000000002
36.8604569,-1.2639244
36.8606675,-1.2638364
36.86020899999999,-1.2624123
36.8607373,-1.2621657
36.86190739999999,-1.2616048
36.8756855,-1.2602491
36.8755221,-1.2602973000000002
36.8754679,-1.2609489999999999
36.875417799999994,-1.2614085000000002
36.864315,-1.2628247
36.86402700000001,-1.2614250000000002
36.86397980000001,-1.2614537
36.86329750000001,-1.2615771
36.8626335,-1.2610989
36.8560102,-1.263632
36.8456982,-1.2757057
36.8456488,-1.2757433999999999
36.8459383,-1.2773454
36.847352900000004,-1.2766006000000003
36.847344299999996,-1.2763346
36.845628,-1.275794
36.8456501,-1.2759249
36.8480605,-1.2775808
36.8489673,-1.2775641000000002
36.8479193,-1.2769662
36.8410935,-1.2813156000000003
36.842566500000004,-1.2812419000000002
36.8487751,-1.2767768
36.84844720000001,-1.2775165
36.84847740000001,-1.2776680999999999
36.8473704,-1.2764121
36.8479864,-1.2779355999999997
36.846935800000004,-1.2781253000000001
36.8473121,-1.2770828
36.8478093,-1.2769897999999997
36.8486106,-1.2761509
36.8477782,-1.2763549
36.8459544,-1.2774073999999997
36.8485173,-1.2761738
36.85289660000001,-1.265046
36.8524057,-1.2653093000000002
36.8537885,-1.2657991
36.8593521,-1.2643327
36.8542244,-1.265518
36.8450167,-1.2654133
36.8532783,-1.2648033
36.8541079,-1.264363
36.8461078,-1.2655547999999999
36.8474008,-1.2663612
36.8450693,-1.2655808
36.8628017,-1.2613073
36.84406109999999,-1.2651099
36.84982380000001,-1.2646914
36.8530509,-1.2652769000000001
36.843879199999996,-1.2658475
36.84084959999999,-1.2879980000000002
37.0400901,-1.273245
36.91812250000001,-1.221709
36.894726500000004,-1.2298097
36.8979608,-1.2289085
36.8976269,-1.2255669
36.8931115,-1.2258196
36.897822299999994,-1.2276290999999997
36.9547141,-1.257501
36.9547462,-1.2575653
36.9548777,-1.2579139000000001
36.9566506,-1.2579180000000003
36.9567043,-1.2575801
36.9566774,-1.2571618000000002
36.956586200000004,-1.2569258000000003
36.9564521,-1.2568883
36.95489640000001,-1.2573227
36.9547248,-1.2574353
37.0653357,-1.2754464
36.8863994,-1.2241858
36.88698879999999,-1.2237446
36.8870763,-1.2235761
36.88666249999999,-1.2228831000000002
36.8864215,-1.2229769000000001
36.88589679999999,-1.2231347
36.8857944,-1.2232561999999998
36.8857198,-1.2234694999999998
36.886239,-1.2243217
36.8850984,-1.2288226
36.8956218,-1.2233442000000003
36.91783110000001,-1.2220712000000002
36.9194666,-1.2211428
36.9197883,-1.2279241
36.917588,-1.2242059999999997
36.882528,-1.2332369
36.8963606,-1.2247579
36.8937114,-1.2272326
36.895292,-1.2251383999999998
36.89752080000001,-1.2255642000000002
36.9212189,-1.2225110999999997
36.9218626,-1.222074
36.9222435,-1.2228704
36.9215944,-1.2231305000000001
36.8994841,-1.2203032
36.901694299999996,-1.2204105
36.901651300000005,-1.2222339000000002
36.89943050000001,-1.2221213
36.903507000000005,-1.2135306999999997
36.9038825,-1.2136111
36.9038074,-1.2139436
36.9034292,-1.2138417
36.903445299999994,-1.2136942
36.9036465,-1.2137291
36.9370361,-1.2523634
36.8870326,-1.2236604000000002
36.8977707,-1.2126500000000002
36.8803822,-1.2293971000000001
36.7988296,-1.3104681
36.7906697,-1.3129741999999998
36.7907064,-1.312959
36.7903246,-1.3122485999999998
36.790490399999996,-1.3126468
36.790266,-1.3122850000000001
36.7907842,-1.3128013999999997
36.790577500000005,-1.3127854000000003
36.7906101,-1.3128358
36.79063599999999,-1.3128741
36.7904979,-1.3126762
36.79083070000001,-1.312688
36.7909144,-1.3122124
36.790902200000005,-1.3124194999999999
36.79081200000001,-1.3120157000000001
36.7907627,-1.3120578
36.7909239,-1.312148
36.7905436,-1.3122011999999998
36.790504,-1.3121374
36.79306209999999,-1.3117783
36.793287,-1.313207
36.7805594,-1.3132322
36.78821730000001,-1.3110550000000003
36.7942567,-1.3146990999999997
36.7906588,-1.3120459
36.79503520000001,-1.3146274
36.794168,-1.3138255999999997
36.7895003,-1.3084031
36.7884157,-1.3111681
36.77947470000001,-1.3137892
36.7801005,-1.3134749
36.7773233,-1.3126169
36.794199,-1.3101007
36.79530650000001,-1.3109519999999997
36.7947541,-1.3098221
36.790997700000005,-1.3146802
36.7762577,-1.3085809
36.7895146,-1.3084288000000002
36.7772304,-1.3123809
36.777227,-1.3119792000000001
36.7957903,-1.3118842999999998
36.7926348,-1.3114729
36.7888659,-1.3106348
36.7880001,-1.3111709999999999
36.784261,-1.3130564
36.7882314,-1.3110883000000002
36.7847035,-1.3128282
36.79392430000001,-1.3095805
36.7940664,-1.3104588000000001
36.793513,-1.3129495
36.7949336,-1.3105546
36.7946133,-1.3130841
36.79323,-1.310448
36.7961112,-1.3145730000000002
36.78041700000001,-1.3128693999999999
36.7778436,-1.3143525
36.779837,-1.3138193
36.7988731,-1.3141444000000002
36.7960977,-1.3130214
36.7988523,-1.3153071999999997
36.7955438,-1.3108517
36.7946888,-1.3137477
36.7941986,-1.3143604
36.782237,-1.3077569000000002
36.7787496,-1.3112565
36.7848421,-1.3084519
36.7823716,-1.3070897
36.78354540000001,-1.3125141
36.7848106,-1.3082544
36.776478000000004,-1.308649
36.7770171,-1.3079731999999997
36.783868,-1.3098770000000002
36.77490400000001,-1.3121304999999999
36.7729016,-1.3090137
36.7858678,-1.3118512
36.7934488,-1.3144191000000003
36.791904,-1.3127555000000002
36.7823167,-1.3114978000000002
36.7834789,-1.3125775
36.777398,-1.3131336000000002
36.76893,-1.2991141
36.768985,-1.2992279
36.7689865,-1.2991699000000003
36.7689822,-1.2990296000000001
36.76905349999999,-1.2990315
36.7690484,-1.2992295
36.768980000000006,-1.2991154000000003
36.7689286,-1.2991683999999997
36.7979483,-1.2966280000000001
36.79853,-1.2966994999999997
36.79796389999999,-1.2967731
36.7987,-1.2975839000000002
36.7981961,-1.2976946
36.8105824,-1.3104275999999997
36.780440500000005,-1.3137374
36.7708445,-1.2987455
36.7919262,-1.3112808999999999
36.7921726,-1.311317
36.79262789999999,-1.3123011
36.791596000000006,-1.3111571999999998
36.7798548,-1.3079961
36.7840394,-1.3031742
36.784179,-1.303597
36.7766099,-1.3065495
36.78029380000001,-1.3057778
36.7660645,-1.3015411000000001
36.8014763,-1.3087658
36.7689639,-1.3002493
36.7698508,-1.3001814
36.769854,-1.2989313
36.7689098,-1.2988428
36.7744235,-1.2999620999999997
36.7749837,-1.3000279999999997
36.7751497,-1.2991706
36.7744254,-1.2992162
36.7750301,-1.2992167
36.77513020000001,-1.2992114999999997
36.775156700000004,-1.2997205
36.7748909,-1.2997447000000002
36.7748844,-1.2996199
36.7750507,-1.2996111999999997
36.7928856,-1.3118825
36.7931672,-1.3120514
36.7932247,-1.3117646000000003
36.7928841,-1.3120328
36.7931323,-1.3117484
36.793135,-1.311786
36.7930262,-1.3118450999999998
36.7930438,-1.3120782
36.793227400000006,-1.3119792000000001
36.7929377,-1.3120542
36.7962811,-1.3113371999999999
36.7909774,-1.3144999
36.7946559,-1.3152652
36.7935284,-1.3142993
36.7952259,-1.3152995
36.7940822,-1.3168728
36.7896499,-1.3074073999999998
36.7835129,-1.3073342
36.7895146,-1.3084190000000002
36.7879677,-1.3074379
36.787966100000006,-1.3074344000000002
36.7822482,-1.3072361
36.7868288,-1.3117502
36.78949600000001,-1.3092617
36.7894656,-1.3092906999999998
36.7902626,-1.3115219
36.790284299999996,-1.3115233
36.7888691,-1.3106391
36.7848399,-1.3083864000000003
36.7871918,-1.3123492
36.7862338,-1.3116774
36.77614650000001,-1.3120156
36.783723,-1.3107015
36.77489779999999,-1.3121135
36.7734576,-1.3114169
36.776317,-1.3120514
36.7763091,-1.3120628999999997
36.7762988,-1.3119420000000002
36.7751284,-1.3117815000000002
36.795543,-1.3157068999999997
36.7786498,-1.3143609
36.7786354,-1.3147704000000002
36.777255200000006,-1.3123680999999998
36.7729563,-1.3105544
36.7729011,-1.3105787999999998
36.791880899999995,-1.3099748
36.7918962,-1.3096989
36.79157029999999,-1.3095962
36.7929766,-1.3117022
36.7930846,-1.3118847
36.7909721,-1.3102358
36.791066400000005,-1.3110696999999998
36.7903039,-1.3106177
36.785278,-1.3118229
36.7745493,-1.3076636
36.775984,-1.3074855
36.78079610000001,-1.3120888
36.7819621,-1.3110533
36.771954400000006,-1.3082364
36.7904486,-1.3123821
36.7813672,-1.314887
36.7822799,-1.3145125
36.7944409,-1.3119780999999997
36.7930073,-1.3130840000000001
36.7940279,-1.3122235
36.793298,-1.3123988000000002
36.79378989999999,-1.3128016
36.7932076,-1.3111674
36.792801000000004,-1.309804
36.7932466,-1.3103870999999998
36.7940357,-1.3121745
36.7812393,-1.3127574000000002
36.7964339,-1.3149977
36.7970492,-1.3154017999999998
36.7989284,-1.3142951999999999
36.79956849999999,-1.3151059
36.79556829999999,-1.3138485
36.7749957,-1.3089017000000003
36.7720365,-1.3105359000000003
36.7781367,-1.3139547
36.7760957,-1.3102588
36.7986342,-1.3102908
36.78163669999999,-1.3103676999999998
36.792138599999994,-1.3115477
36.7956392,-1.3104502
36.792806600000006,-1.3110557999999999
36.7906149,-1.3111626
36.77697109999999,-1.3124704000000003
36.7739524,-1.3124757000000002
36.7951381,-1.3157713
36.7748694,-1.3086777
36.7801314,-1.3115355000000002
36.7799316,-1.3117278000000003
36.7863543,-1.3130155000000001
36.7846727,-1.3124399
36.77958129999999,-1.3077907
36.7770849,-1.3066293
36.7771221,-1.3066721
36.772080200000005,-1.3075737999999997
36.7813356,-1.3140495
36.7813941,-1.3140413000000002
36.77729860000001,-1.312691
36.7772927,-1.312692
36.781142800000005,-1.3073749000000001
36.779300500000005,-1.3089847
36.77933449999999,-1.3089879
36.78580730000001,-1.3116251
36.7845276,-1.3120153
36.784556,-1.3120186
36.7807626,-1.3144245
36.7787824,-1.3145118000000002
36.7890683,-1.3087589000000002
36.7975528,-1.3131036
36.7799665,-1.3146153
36.780022,-1.3146405
36.775172,-1.3121987000000002
36.7720011,-1.3099285000000003
36.7720078,-1.3099419
36.7818947,-1.3114116999999998
36.774010800000006,-1.308102
36.77395359999999,-1.308145
36.77462649999999,-1.3076440000000003
36.7759081,-1.3075187
36.77197,-1.3082260000000001
36.7751291,-1.3118009
36.7774028,-1.3131539
36.7806425,-1.3121501999999998
36.78229219999999,-1.3115055
36.7834868,-1.3125491999999999
36.7816462,-1.3104137
36.7852611,-1.3118668999999998
36.7769692,-1.3124612
36.7838445,-1.3106932
36.7842852,-1.3125897999999998
36.78430590000001,-1.3125870999999998
36.7946309,-1.3146845999999999
36.794730400000006,-1.314788
36.7945194,-1.3147912999999998
36.7946163,-1.3148938999999997
36.7947045,-1.3148102
36.7946713,-1.3147765999999999
36.79464790000001,-1.3147961999999997
36.7946097,-1.3147569000000001
36.7946335,-1.3147347
36.7947111,-1.3148073
36.7929209,-1.3120475
36.7929107,-1.3120434
36.8157249,-1.2993291
36.8160296,-1.3003732
36.8187253,-1.3002746000000003
36.8175215,-1.2990827
36.8175136,-1.3008745999999998
36.8168104,-1.3010182
36.7794069,-1.3123243
36.7794129,-1.3123096
36.8016304,-1.3024307
36.7931234,-1.3019178
36.77290510000001,-1.2989190999999998
36.7830303,-1.3036791
36.7826604,-1.304781
36.7832078,-1.3055503
36.7855166,-1.3052196
36.7854942,-1.3034956999999996
36.7845368,-1.3007217000000002
36.7825074,-1.3044875
36.782506,-1.3037078999999998
36.7724461,-1.3124532000000002
36.7725652,-1.3124047000000003
36.7725206,-1.312636
36.7703708,-1.2991688999999997
36.7919168,-1.3098412
36.7893961,-1.309111
36.7719005,-1.3076775
36.7745871,-1.3000407
36.7747722,-1.3000456
36.775175000000004,-1.3000043000000001
36.778733499999994,-1.3145344
36.77657669999999,-1.3120133
36.777470300000004,-1.3112825
36.7761733,-1.3110317
36.7908833,-1.3125657
36.7719036,-1.3084388
36.7974932,-1.3142001000000003
36.796335,-1.3130250000000003
36.78956,-1.3135283
36.79659,-1.3133317
36.7745457,-1.3115819
36.783685,-1.3116400000000001
36.7938318,-1.3123207
36.7955633,-1.3156967
36.7836268,-1.3120932
36.7895211,-1.3134702
36.77955899999999,-1.3106909
36.7850738,-1.3115941000000002
36.7730483,-1.3103682999999997
36.7906761,-1.3108544000000002
36.7711495,-1.310445
36.79574999999999,-1.3134383
36.77801350000001,-1.3109274
36.7796467,-1.3120982999999997
36.772639700000006,-1.3125875
36.79196309999999,-1.3123412
36.7789067,-1.314555
36.7745995,-1.312141
36.7942533,-1.31343
36.791963300000006,-1.3124683
36.7747114,-1.3118677
36.7796117,-1.3069600000000001
36.7787133,-1.3145483
36.791785399999995,-1.3115078000000002
36.7776317,-1.3137949999999998
36.76894719999999,-1.2998332
36.76894969999999,-1.2998849000000001
36.7739234,-1.3081670999999997
36.7759167,-1.308545
36.7724533,-1.3125883
36.7784133,-1.3119708
36.7788031,-1.3141406
36.7805132,-1.3140368
36.7847005,-1.3127690000000003
36.7847138,-1.3129964000000003
36.7941241,-1.3168181
36.77935389999999,-1.3144161
36.780249,-1.313373
36.7754667,-1.3084283
36.797262499999995,-1.3141334
36.797457300000005,-1.3143611
36.7988177,-1.3148632
36.7987543,-1.3147791
36.7940495,-1.3122452
36.79453319999999,-1.3130202
36.794027699999994,-1.3123098
36.7959348,-1.3131483
36.7971474,-1.3107823000000003
36.795062400000006,-1.310617
36.7971071,-1.310689
36.7984531,-1.3123134
36.795541799999995,-1.3108385
36.7963972,-1.3111191
36.7722083,-1.3106432999999997
36.772846699999995,-1.31012
36.77512169999999,-1.312185
36.7761483,-1.31204
36.7788417,-1.3069416999999999
36.784312500000006,-1.3112946
36.7845833,-1.3119978
36.7889817,-1.3090635000000002
36.7906808,-1.3112399
36.7928043,-1.3100795
36.7915905,-1.3116191000000001
36.7932483,-1.3123265
36.7920979,-1.3124854999999997
36.79747290000001,-1.3141478
36.7869611,-1.311009
36.7698227,-1.2995589
36.7698524,-1.299559
36.7689225,-1.2998341
36.7688851,-1.2988437
36.7750729,-1.2997353
36.7750723,-1.2997249000000002
36.7972707,-1.3141502
36.7972654,-1.3141904000000002
36.7930521,-1.3119674
36.7909834,-1.314568
36.7932258,-1.3123644999999997
36.7944891,-1.3120535
36.7921046,-1.3116378
36.7944301,-1.3106080999999998
36.7929549,-1.3107127
36.7932875,-1.3102998
36.7869145,-1.3110506000000002
36.795781500000004,-1.3134910000000002
36.7974573,-1.3144205000000002
36.7952954,-1.3110122999999998
36.789494,-1.3084911
36.8166473,-1.2990401
36.8166237,-1.2989461
36.8172933,-1.2987225
36.818013,-1.2988488
36.81733140000001,-1.2990592000000003
36.8187377,-1.3005979
36.8185815,-1.300341
36.8185313,-1.2999164
36.8183574,-1.2995808
36.81817910000001,-1.299381
36.8182946,-1.2996186999999997
36.8166017,-1.3003530999999997
36.8160793,-1.3005242
36.774279099999994,-1.3035789000000002
36.7744737,-1.3034480000000002
36.7747091,-1.3036179
36.7747038,-1.3037559
36.77445250000001,-1.303908
36.7743021,-1.3038319
36.7923868,-1.3019073000000003
36.79232780000001,-1.3013951
36.7922795,-1.301304
36.7923492,-1.3016042999999997
36.7923814,-1.302213
36.7929769,-1.3023739000000003
36.7929514,-1.3016887999999998
36.7928092,-1.3012731
36.7923814,-1.3013013
36.7674517,-1.2985746
36.7679133,-1.2984220000000002
36.7985941,-1.2971416000000002
36.79848210000001,-1.296681
36.798401,-1.2966696
36.79823,-1.2965563000000002
36.823550499999996,-1.3137922000000002
36.7532749,-1.3401766
36.8189375,-1.3134266000000003
36.812998,-1.3142689999999997
36.71457770000001,-1.3181003
36.7902852,-1.3150596
36.79057300000001,-1.3150970000000002
36.7868672,-1.3141700999999997
36.7770397,-1.3172201
36.8023282,-1.3158218
36.7984839,-1.3172254999999997
36.7924852,-1.3163609
36.7961312,-1.3183716
36.8000285,-1.3167449
36.743076800000004,-1.3437999
36.7115405,-1.3262032999999998
36.7902753,-1.3147526999999999
36.8190204,-1.313551
36.7754013,-1.3149052999999997
36.7775676,-1.3147643
36.7943387,-1.3184672999999998
36.7986811,-1.3185087
36.799904,-1.31746
36.7984272,-1.3174306
36.7960534,-1.3172816000000003
36.797404,-1.3174081
36.7773643,-1.3174920000000003
36.7774269,-1.3173959
36.7841006,-1.3137152000000003
36.7824366,-1.314799
36.7818796,-1.3162160000000003
36.80205899999999,-1.3154867999999997
36.7882089,-1.3125698
36.78071769999999,-1.3190886
36.7773927,-1.3141151
36.7659436,-1.3443064
36.816399,-1.3077976000000002
36.8163654,-1.3082709
36.817043899999994,-1.3083268
36.81735700000001,-1.3083268
36.81594520000001,-1.3084759
36.8173197,-1.3090983
36.8170625,-1.3096647
36.8158999,-1.3096644
36.8164006,-1.3087468
36.816668699999994,-1.3085854
36.816381,-1.3085874
36.8162107,-1.3086928
36.816372900000005,-1.3086927999999998
36.8162067,-1.3087799
36.816342500000005,-1.3087799
36.8162918,-1.3088488
36.8163384,-1.3088488
36.8166566,-1.3088731
36.81678219999999,-1.3088792
36.8162898,-1.3089440000000003
36.81677619999999,-1.3089662999999998
36.8410777,-1.3197421000000003
36.7861025,-1.3156641
36.82796330000001,-1.3119259000000003
36.77784880000001,-1.3147084
36.81242,-1.3167678
36.780257,-1.322377
36.8100181,-1.3190488
36.81012870000001,-1.3191731
36.809713,-1.319209
36.8097682,-1.3192710000000003
36.8098747,-1.3193990000000002
36.80993749999999,-1.3194695
36.8094171,-1.3194721000000003
36.8096457,-1.3197289999999997
36.71447440000001,-1.3176342
36.7157028,-1.3184681
36.7139808,-1.3199698000000002
36.71299650000001,-1.3186155999999998
36.714431499999996,-1.3176074
36.713043,-1.3085264000000003
36.7142607,-1.3072124
36.716149,-1.3083762
36.7144699,-1.3089340000000003
36.7142875,-1.3087892
36.83674909999999,-1.3168655000000002
36.83675,-1.3169858000000003
36.8371985,-1.3169825
36.837199299999995,-1.3170985000000002
36.8367203,-1.3171021000000003
36.836721,-1.3171971
36.8371938,-1.3171935
36.8371943,-1.3172702999999997
36.8368376,-1.317273
36.8368384,-1.3173721
36.8378383,-1.3173645
36.8378196,-1.3172653
36.8373366,-1.3172629
36.8373371,-1.3171688
36.8373553,-1.3170806
36.8373558,-1.3169681
36.734168700000005,-1.3358422
36.7342706,-1.3358596
36.734234400000005,-1.3360700999999997
36.7341351,-1.3360539999999999
36.73429610000001,-1.3358449
36.7344744,-1.3358757000000003
36.7344597,-1.3359937
36.7342786,-1.3359629
36.7356707,-1.3382394000000002
36.7372586,-1.3384915000000002
36.7382617,-1.3343191
36.73626620000001,-1.3347053
36.7367331,-1.3362257
36.7369766,-1.3362975000000001
36.7369008,-1.3365542
36.7367049,-1.3363787
36.737028900000006,-1.3359935000000003
36.7369147,-1.3359629000000002
36.73684839999999,-1.3362107
36.7373837,-1.3363957
36.7372425,-1.3364551
36.7374312,-1.3365056
36.7374912,-1.3362817999999999
36.7369878,-1.336147
36.7372393,-1.3364665
36.7374055,-1.336604
36.7375449,-1.3368188
36.73751910000001,-1.3369267
36.73734470000001,-1.336885
36.7373577,-1.3368035
36.7371694,-1.3367585
36.7334779,-1.3338103
36.7336013,-1.3337164000000001
36.73619229999999,-1.3341642999999999
36.7354627,-1.3382321000000001
36.7330246,-1.3378297999999997
36.7333223,-1.3363068
36.73355300000001,-1.3352047
36.7334913,-1.3345799
36.7408138,-1.3452535
36.742394899999994,-1.3454251
36.74288440000001,-1.3433751
36.7412697,-1.3431499
36.72589620000001,-1.2974149
36.7235707,-1.3021296
36.72399459999999,-1.3025848
36.7244676,-1.3027823
36.7261781,-1.3031808
36.7329864,-1.2960817
36.7360599,-1.2968458
36.8017672,-1.3153603
36.8022414,-1.3156873
36.8020357,-1.3157361
36.8018273,-1.3158112
36.7955956,-1.3180523999999998
36.7781384,-1.3157666000000001
36.7757272,-1.3161366
36.7752944,-1.3153328999999998
36.7752276,-1.3154273
36.797812799999996,-1.3185927
36.7984672,-1.3184546999999998
36.79849680000001,-1.3173181
36.7778431,-1.3146936999999999
36.7809531,-1.3167512
36.7818908,-1.316194
36.7861306,-1.314932
36.7809527,-1.3167602000000003
36.7838077,-1.3143616000000002
36.7841846,-1.3147207
36.7796376,-1.3161587999999997
36.778912,-1.3172469999999998
36.784104000000006,-1.3138454000000002
36.7810067,-1.3148942
36.7805469,-1.3175433
36.7825824,-1.3153745999999997
36.78223680000001,-1.3152000000000001
36.7765584,-1.3171358
36.7758679,-1.3160091
36.80085909999999,-1.3173173
36.79932839999999,-1.3172025999999997
36.7995589,-1.3171288
36.7771799,-1.3145007000000002
36.77891699999999,-1.3172201000000001
36.779988,-1.3186214
36.7800703,-1.3186916000000002
36.7796323,-1.3189744
36.7796742,-1.3190459
36.783419499999994,-1.3142551
36.7846516,-1.3148997
36.7819456,-1.3190246
36.7819482,-1.3190859999999998
36.7833033,-1.3150244
36.7752911,-1.3153761999999998
36.78375570000001,-1.3153248
36.785179,-1.3148227999999997
36.7831348,-1.3147083
36.7758442,-1.3146055
36.77540509999999,-1.3148400000000002
36.7986562,-1.3179004
36.8310008,-1.3152255999999998
36.8310769,-1.3153171000000001
36.830938,-1.3154327
36.8308619,-1.3153411999999998
36.8309233,-1.3149553
36.8309832,-1.3149178
36.831139,-1.3151800000000002
36.8313728,-1.3153837
36.8313174,-1.3154466
36.8310641,-1.3152264000000002
36.83104050000001,-1.3153855
36.831071599999994,-1.3154274
36.8311501,-1.3153760000000003
36.8310879,-1.3152962000000004
36.8310703,-1.3153091
36.8310324,-1.3153637999999999
36.83103870000001,-1.3151775000000003
36.83101210000001,-1.3151948
36.8309499,-1.3151313000000002
36.830897199999995,-1.3152138
36.8309364,-1.3152557
36.8309946,-1.3152151
36.8311189,-1.3152740999999997
36.7225693,-1.3271599
36.7224579,-1.3287831
36.7233265,-1.328868
36.7233805,-1.3272202000000002
36.8190675,-1.3133469
36.81916939999999,-1.3133362
36.8194323,-1.313481
36.8197649,-1.3133575999999998
36.8200653,-1.3134004999999997
36.82008140000001,-1.3138296
36.8199044,-1.3139315000000003
36.8198722,-1.3140066
36.819856099999996,-1.3143443999999997
36.8199097,-1.3147198
36.8194484,-1.31487
36.819282099999995,-1.3148968
36.8190514,-1.3147787999999998
36.8188476,-1.3146447999999997
36.8185418,-1.3143927000000002
36.8183392,-1.3141775
36.8187189,-1.3145387000000002
36.7820588,-1.3288743
36.7660339,-1.3440611
36.7640591,-1.3437356
36.764096200000004,-1.3465997000000003
36.76514039999999,-1.3465856
36.7652049,-1.3465603
36.7655084,-1.3457983
36.824839000000004,-1.3202012
36.8021328,-1.3155819999999998
36.80212220000001,-1.3157065999999997
36.801509,-1.3155743000000002
36.8016532,-1.3157096
36.801983,-1.3157586
36.8017096,-1.3157579
36.8018896,-1.3157955
36.801790200000006,-1.3158128999999998
36.7834209,-1.3169843999999997
36.7834319,-1.3170112
36.7841063,-1.3158424000000002
36.78410240000001,-1.3158433
36.782987,-1.3157671
36.7826163,-1.3157876
36.7658262,-1.3660899
36.7830585,-1.3175577000000003
36.7453047,-1.3645819999999997
36.7781228,-1.3158171000000003
36.77972,-1.3189587
36.7770662,-1.3171998999999999
36.777055499999996,-1.3172096
36.7798032,-1.3187793999999997
36.77900249999999,-1.3189617
36.779178900000005,-1.3186822
36.7792246,-1.3186906
36.7773735,-1.3174872
36.777429000000005,-1.317394
36.7784353,-1.3183121
36.7836842,-1.3153510999999998
36.7784158,-1.3156751
36.8017665,-1.3158029
36.8010073,-1.3169573000000003
36.8008733,-1.3161551
36.8005138,-1.3163221
36.8004044,-1.3167247
36.8011517,-1.3165411000000002
36.80098410000001,-1.3163184999999997
36.7948279,-1.3172762
36.701368,-1.3231154000000003
36.716205599999995,-1.3112326
36.7246035,-1.3593544
36.691965399999994,-1.3103673
36.7447695,-1.3744732
36.7376074,-1.3370405
36.7376677,-1.3367899
36.7575053,-1.3644167999999999
36.7544023,-1.3544799
36.7545442,-1.3554894
36.755799,-1.3553735
36.755700100000006,-1.3543897
36.795045,-1.3279262
36.794669500000005,-1.3284437000000002
36.793263700000004,-1.3272869
36.793690000000005,-1.3267591999999997
36.7825521,-1.3175474000000003
36.782803,-1.3174933999999998
36.78281870000001,-1.3175701
36.782562500000004,-1.3176189
36.80269319999999,-1.3165792
36.8026972,-1.3166637000000003
36.80288900000001,-1.3166555999999998
36.8028836,-1.3165725
36.76308079999999,-1.361911
36.7297713,-1.3667462
36.7124977,-1.3184546999999998
36.7130226,-1.3193945999999999
36.7130817,-1.3193849
36.7125838,-1.3184107
36.7072236,-1.3259782000000002
36.7073514,-1.3260735
36.7074675,-1.3265263999999999
36.7057854,-1.3269073000000002
36.7056576,-1.3265101000000001
36.7056181,-1.3264253
36.706353500000006,-1.3263899
36.7127299,-1.3247517999999998
36.7133735,-1.3257924
36.7114962,-1.327049
36.7106505,-1.3260084
36.7273928,-1.2971335
36.7294842,-1.3025877000000001
36.7276755,-1.3030243
36.7271085,-1.3031337000000003
36.7880116,-1.3307185
36.767714,-1.3378997
36.7491988,-1.3472772
36.7531005,-1.347808
36.751971,-1.350109
36.7486841,-1.3494787
36.75285449999999,-1.3340199999999998
36.7507772,-1.3371463999999997
36.7521067,-1.3372744
36.7517299,-1.3402881
36.7503222,-1.3401389
36.750706099999995,-1.3379283000000002
36.7225136,-1.3279828
36.7846243,-1.3149098
36.7819444,-1.3153195999999998
36.7815167,-1.31516
36.780985,-1.3167882999999998
36.7992717,-1.3179116999999998
36.79556,-1.3168033
36.790245,-1.3160267
36.79654000000001,-1.3178033
36.798798299999994,-1.3167783000000002
36.80089000000001,-1.3168117
36.794181,-1.3187323
36.77678999999999,-1.3149233
36.7992033,-1.31842
36.7832613,-1.3144119999999997
36.797050000000006,-1.3176167
36.795359999999995,-1.3180967
36.7825887,-1.3160664
36.78916000000001,-1.3135717
36.7730056,-1.3250216
36.8262519,-1.3233589
36.82653210000001,-1.3233616
36.8265693,-1.3233234000000003
36.8266362,-1.3233884
36.82660280000001,-1.3234227
36.826725,-1.3235416999999998
36.8266275,-1.3236417
36.8266017,-1.3236166
36.826542800000006,-1.3236770000000002
36.8264965,-1.3236318999999999
36.8265634,-1.3235633
36.8265534,-1.3235536
36.8265352,-1.3235633
36.8265143,-1.3235429
36.8265362,-1.3235204
36.82644,-1.3234267000000002
36.8264158,-1.3234515
36.8263993,-1.3234355
36.826419,-1.3234152999999997
36.82638080000001,-1.3233781
36.8263277,-1.3234327
36.8263416,-1.3231766
36.826397799999995,-1.3231167000000001
36.8264466,-1.3231625
36.8263868,-1.3232202
36.8267446,-1.323488
36.8267824,-1.3234486
36.8268508,-1.3235142
36.8267272,-1.323643
36.826679,-1.3235968000000002
36.8267648,-1.3235072999999997
36.8233929,-1.3122878000000002
36.823708599999996,-1.3119830999999997
36.823661800000004,-1.3118654
36.823246,-1.3120680999999998
36.8232925,-1.3121634
36.8233795,-1.3121210000000003
36.823393,-1.3121487
36.8233394,-1.3121748999999998
36.8226679,-1.3110394999999997
36.8229165,-1.3115286000000002
36.8230141,-1.3114724
36.82291169999999,-1.3112434
36.8229521,-1.3112230999999999
36.8229781,-1.3112602999999998
36.82303730000001,-1.3112162
36.8229522,-1.3111015999999998
36.8228898,-1.311144
36.82291930000001,-1.3111907
36.8229017,-1.3112013
36.8227724,-1.3109784
36.7824453,-1.3244194
36.782695,-1.3244093999999997
36.78323429999999,-1.3248328
36.78379569999999,-1.3251204000000003
36.7832822,-1.3262460999999999
36.7829719,-1.3267129
36.782534,-1.3270753
36.781255,-1.3259358
36.7852606,-1.3243679000000002
36.7849473,-1.3241303
36.784015000000004,-1.3234124
36.783981000000004,-1.3233863
36.7840045,-1.3233549000000002
36.7837982,-1.3231957
36.7837774,-1.3232113999999997
36.7835449,-1.3230155
36.784203,-1.3221671
36.7860023,-1.3235403
36.7855113,-1.324005
36.7855688,-1.3240729
36.78580120000001,-1.3242635
36.7855792,-1.324689
36.785281499999996,-1.3244201
36.7882953,-1.3265304
36.7878138,-1.3267827000000003
36.7875702,-1.3273104000000002
36.7881659,-1.3283641
36.7883736,-1.3288181999999997
36.7892002,-1.3281832
36.7886781,-1.3271421999999997
36.7883678,-1.3265536
36.8263904,-1.3232224000000001
36.8257156,-1.3229487
36.825928700000006,-1.3231688
36.825902799999994,-1.3231939
36.8260015,-1.3232958000000001
36.8260142,-1.323299
36.82611489999999,-1.3234151999999997
36.8261722,-1.3233654999999998
36.8260716,-1.3232493
36.82618790000001,-1.3231486
36.8262397,-1.3232085
36.826289599999996,-1.3231652999999999
36.82631469999999,-1.3231411000000002
36.8261915,-1.323014
36.8262301,-1.3229765000000002
36.8261603,-1.3229045
36.8261161,-1.3229473
36.8258936,-1.3227177
36.825841,-1.3227687
36.8258703,-1.3227989
36.71488049999999,-1.3191852000000002
36.8236507,-1.3120189
36.8236584,-1.312049
36.8237145,-1.3121339999999997
36.822995299999995,-1.3116537
36.8230383,-1.3117492
36.8233858,-1.3115831
36.8233415,-1.3114640999999998
36.82781200000001,-1.3117427
36.827808,-1.3118207
36.8277141,-1.3118247
36.82772010000001,-1.3121225
36.8281139,-1.3121205000000002
36.8281139,-1.3120545
36.8281459,-1.3120464999999997
36.8281459,-1.3120885
36.82822389999999,-1.3120865
36.8282239,-1.3117287
36.774508299999994,-1.3150967
36.7751583,-1.3154633000000002
36.7746467,-1.3148433
36.7789052,-1.3173892
36.7816406,-1.3153124
36.782232,-1.3154927
36.782397,-1.3148777000000003
36.783094199999994,-1.3161753
36.7851792,-1.3148702000000003
36.7878215,-1.3151140000000001
36.7888994,-1.3151736000000003
36.7907175,-1.3150199
36.7951483,-1.318086
36.78339,-1.3153634
36.7956539,-1.3180207
36.7831398,-1.3147479
36.80018,-1.3146857
36.7818629,-1.3153019
36.7832372,-1.3150695
36.7879595,-1.3124162000000001
36.80242280000001,-1.3165738
36.8013918,-1.3146643
36.8019368,-1.315407
36.8023354,-1.3157446
36.8021597,-1.3152708
36.802349099999994,-1.315833
36.7943089,-1.3184637
36.7777933,-1.3175416999999998
36.774547,-1.3165256999999997
36.7787211,-1.3180071
36.7794275,-1.3187283
36.780135300000005,-1.3187667000000003
36.78020000000001,-1.3187367000000003
36.7820522,-1.3188891
36.7988942,-1.3182622
36.7487606,-1.3495654
36.7883112,-1.3285065
36.788190500000006,-1.3283463
36.7882086,-1.3283442
36.7882381,-1.3283503
36.788287,-1.3284420999999997
36.78827830000001,-1.3285842
36.7488727,-1.3486508000000001
36.7902244,-1.3148101000000003
36.7948219,-1.3173303
36.808057600000005,-1.3216549
36.8072976,-1.3220171
36.8065112,-1.3222026
36.8048854,-1.3198086
36.805645299999995,-1.3196585
36.8059634,-1.3194818
36.80633449999999,-1.3192344
36.8067851,-1.3186956
36.80700610000001,-1.3182891999999997
36.8074302,-1.3177592
36.8097099,-1.3199412
36.7674106,-1.3681221
36.7674594,-1.3678291
36.7674484,-1.3677843000000003
36.7670997,-1.3671385
36.7669923,-1.3669729
36.7658454,-1.3650079
36.7651493,-1.3649248
36.7648952,-1.3649011
36.7641201,-1.3677724
36.7144055,-1.3073016000000002
36.733479,-1.3338746000000001
36.7372728,-1.3364745000000002
36.7372507,-1.3365669
36.7372148,-1.3367016000000003
36.7372953,-1.3367231
36.737314299999994,-1.3366518000000003
36.7372338,-1.3366304
36.7373706,-1.3367770999999997
36.7372772,-1.3363255999999997
36.7373118,-1.3363348
36.73730140000001,-1.3363737
36.7369792,-1.3362925
36.7369311,-1.3362797
36.7369428,-1.336236
36.736990899999995,-1.3362488999999997
36.7373941,-1.3363569
36.7368901,-1.3364332
36.7368582,-1.3365416
36.7367018,-1.3363316000000003
36.7367175,-1.3363361999999999
36.7127059,-1.3187894999999998
36.712741,-1.3187709
36.7127203,-1.3188166999999997
36.7127524,-1.3187924
36.7127958,-1.3188873
36.712803,-1.3189381
36.7127805,-1.3189413000000003
36.7127733,-1.3188905
36.71283389999999,-1.3189313
36.71287420000001,-1.3190077000000002
36.7128164,-1.3190381000000002
36.7127761,-1.3189617
36.712941,-1.3190990999999999
36.7128652,-1.3191410999999997
36.71295210000001,-1.3191190999999998
36.71287629999999,-1.3191610999999999
36.7129684,-1.3191101000000003
36.71301329999999,-1.3191912
36.712897500000004,-1.3192553000000002
36.7128526,-1.3191742
36.71275469999999,-1.3186941
36.71279489999999,-1.3187698000000003
36.712674500000006,-1.3188410000000002
36.712631300000005,-1.3187596000000001
36.71306450000001,-1.3193739999999998
36.7130638,-1.319311
36.7130356,-1.3192962000000001
36.713102,-1.3192634
36.7131027,-1.3192345
36.7130839,-1.3192277999999997
36.7131127,-1.3192123999999998
36.7131141,-1.3191635000000002
36.7130437,-1.3191011
36.7130604,-1.3190147
36.7129384,-1.319014
36.71296720000001,-1.3190333999999997
36.7130008,-1.3189356
36.7129639,-1.3188725
36.7128881,-1.3189121000000001
36.7130618,-1.3191309000000002
36.7130273,-1.3189942
36.712937999999994,-1.3189804
36.7128858,-1.3188713999999997
36.7128532,-1.3188524
36.7128573,-1.318827
36.7129116,-1.3187933999999997
36.71290270000001,-1.3187554
36.712921,-1.3187546
36.7128425,-1.3187226999999997
36.7128214,-1.3186835
36.71282910000001,-1.3186423
36.712840199999995,-1.3186004
36.7127771,-1.3186047
36.7127443,-1.3185749
36.712728899999995,-1.3185913
36.7126849,-1.3186118000000002
36.71304570000001,-1.3194149000000002
36.7129726,-1.3193666
36.712975900000004,-1.3193331000000001
36.7129431,-1.3193390999999999
36.7129143,-1.3193699999999997
36.7128599,-1.3193438
36.7128418,-1.3193646
36.7128029,-1.3193485
36.71281640000001,-1.3193237
36.712810999999995,-1.3192700999999998
36.7127225,-1.3191833
36.71272179999999,-1.3191506999999998
36.7127527,-1.3191490999999997
36.712758,-1.3190904
36.7127275,-1.3191075
36.712684599999996,-1.3191125
36.7127181,-1.3190951
36.7126695,-1.3190961
36.7128026,-1.3192269
36.712765,-1.3191354
36.712632,-1.3190707000000002
36.7126603,-1.3189902
36.7126299,-1.3190058999999998
36.71265480000001,-1.3189777999999999
36.7126903,-1.31896
36.71264130000001,-1.3189299
36.7126162,-1.3189566999999998
36.71258540000001,-1.3189376
36.71259539999999,-1.3189064
36.7125669,-1.3188102
36.712531,-1.3187797
36.7125076,-1.318772
36.7125079,-1.3187358
36.7125495,-1.3187203999999997
36.7128893,-1.3187429
36.712815,-1.318579
36.7126583,-1.3189368
36.7125939,-1.3188487000000002
36.7126051,-1.3186547
36.712545500000004,-1.3186761
36.7126879,-1.3185131999999997
36.7125334,-1.3186099
36.712524,-1.3186101
36.7125116,-1.3185906
36.7125213,-1.3185808999999997
36.712637300000004,-1.3184751
36.7126946,-1.318562
36.7126777,-1.3185942999999996
36.712616000000004,-1.3184736
36.7125283,-1.3185145
36.7125359,-1.3186151999999998
36.712599299999994,-1.3186425
36.8197404,-1.323858
36.8193457,-1.3244931
36.88648249999999,-1.3000974
36.8719263,-1.3107551
36.8679329,-1.2968471
36.8683483,-1.2949976
36.868117600000005,-1.2889568
36.8683137,-1.2909294
36.870006,-1.2900757
36.8706945,-1.2878109000000002
36.8706599,-1.2877263
36.8704272,-1.2905833
36.87143780000001,-1.2900411
36.8725873,-1.2893894
36.87172210000001,-1.2898018000000002
36.8717723,-1.2899022
36.8719159,-1.2881483
36.8714994,-1.2874105
36.8682579,-1.2899430999999997
36.8646522,-1.2849386000000003
36.8638675,-1.2852154000000002
36.86377139999999,-1.2865266
36.8645214,-1.2869996
36.8650868,-1.2873072
36.8653983,-1.2866766
36.865406,-1.2864151
36.8652829,-1.2861536
36.863890600000005,-1.2862286
36.86402330000001,-1.2860180999999997
36.863957,-1.2856206
36.8598521,-1.2883646
36.86024830000001,-1.2892644
36.8619022,-1.28848
36.86151749999999,-1.287634
36.864856,-1.2945092000000002
36.8647329,-1.2956666000000001
36.8653676,-1.2957627999999999
36.865502199999995,-1.2945668999999997
36.88162150000001,-1.2949361000000001
36.8818522,-1.2959935
36.883683,-1.2959281
36.88393299999999,-1.2957128000000002
36.8817215,-1.2948938
36.8826349,-1.2947457
36.88332630000001,-1.2948255
36.8842104,-1.2955076
36.88399909999999,-1.2950589
36.8807822,-1.2846723
36.8809522,-1.2856960999999998
36.883283,-1.2852846
36.8830884,-1.2843451
36.8811484,-1.2908525000000002
36.8811522,-1.2917138
36.8824753,-1.2917561
36.8823984,-1.2908486
36.8783561,-1.2910793
36.8783638,-1.2917637999999998
36.88106760000001,-1.2917253
36.8799561,-1.2911562
36.8811041,-1.2911792999999998
36.8799878,-1.2907255999999998
36.8804883,-1.2907256
36.88110970000001,-1.2907083
36.8722595,-1.3107609
36.8749898,-1.2859750999999997
36.8759029,-1.285668
36.8769031,-1.2851660000000003
36.8774841,-1.2867095
36.875624800000004,-1.2874148000000003
36.8683202,-1.2960945
36.8823939,-1.2917535
36.8820048,-1.2917411
36.8807628,-1.2907180000000003
36.87128200000001,-1.2875187000000001
36.87116619999999,-1.2875763
36.8750333,-1.2860814
36.8683059,-1.2908196000000003
36.860356,-1.2926056
36.8575269,-1.2933774000000002
36.8593629,-1.2937421
36.85933740000001,-1.2938306000000002
36.8601414,-1.2939834
36.8602145,-1.2936689999999997
36.860193,-1.2936629999999998
36.8603499,-1.2928532
36.8603633,-1.2925139
36.860462600000005,-1.2924227999999998
36.8604679,-1.2920111999999997
36.8604478,-1.2919279999999997
36.8601501,-1.2917831999999998
36.85974780000001,-1.2917068
36.8596847,-1.2916518
36.8595922,-1.2915136999999999
36.8577549,-1.2923235
36.853684199999996,-1.2945542
36.8522657,-1.2940049
36.852453499999996,-1.294147
36.8528451,-1.2943628999999999
36.8533735,-1.2944942
36.854374,-1.2946873
36.8544611,-1.2941818
36.8542922,-1.2941442999999997
36.8543324,-1.2938896
36.8543324,-1.2937393999999998
36.8543402,-1.2935355
36.854361899999994,-1.2932218999999998
36.8530208,-1.2937232999999997
36.8522778,-1.2938251999999997
36.88117449999999,-1.2856569
36.8556356,-1.2630544
36.858003700000005,-1.2635399
36.874380200000004,-1.2572276
36.86170249999999,-1.2593395
36.8631121,-1.2564123000000003
36.856356899999994,-1.2618977
36.8567631,-1.2617084
36.8609719,-1.2588415
36.85765709999999,-1.2622473
36.8632553,-1.2565979
36.860350800000006,-1.2613304
36.8753828,-1.2515615
36.87624000000001,-1.2509723
36.8541765,-1.2633607
36.8737244,-1.2573083
36.863691,-1.259784
36.864399,-1.2594488
36.8605302,-1.2593629
36.855639800000006,-1.2631724000000002
36.85245549999999,-1.2626793
36.8578433,-1.2635378000000002
36.8561821,-1.2628328
36.8454515,-1.2642823
36.8449324,-1.2645573
36.8442474,-1.2641264
36.8451327,-1.2639563
36.84962970000001,-1.2627495
36.8630597,-1.2576740999999998
36.8633733,-1.2574525999999997
36.8630765,-1.257432
36.8633565,-1.2576947
36.8755157,-1.2568990000000002
36.8762976,-1.2567261
36.8753604,-1.2548157000000002
36.877382600000004,-1.249742
36.8712953,-1.251765
36.8766406,-1.2502923
36.87671329999999,-1.2493365
36.8677042,-1.2579513000000002
36.8674149,-1.2578003
36.86792710000001,-1.2584868
36.8735489,-1.2572254
36.8688152,-1.2582408
36.87183509999999,-1.258326
36.8697736,-1.2577947999999999
36.87264979999999,-1.2568674
36.8704697,-1.2582719
36.8704249,-1.2581721000000001
36.87770929999999,-1.2537093
36.8658781,-1.2584229000000002
36.86470560000001,-1.2591204999999999
36.8740219,-1.2595233
36.8724286,-1.2587128999999997
36.8711222,-1.2590163
36.8714914,-1.2592259
36.8713087,-1.2589148
36.8740218,-1.2579049
36.873338,-1.2594874
36.8712021,-1.2592042
36.8740008,-1.2578952
36.8742213,-1.2578001
36.87397159999999,-1.2578344
36.8741082,-1.2589227
36.8741591,-1.2582809999999998
36.862886,-1.260479
36.8632182,-1.2590554
36.8738316,-1.2562225
36.87316390000001,-1.2505107
36.8734862,-1.2580763
36.8631972,-1.2586198
36.8614458,-1.2611295
36.8578842,-1.2635468
36.856759,-1.2634703000000003
36.8559774,-1.2635034
36.8560019,-1.2631431000000002
36.8554271,-1.2626996000000001
36.854785,-1.2632283
36.8562297,-1.2629012000000002
36.855336200000004,-1.2626502999999998
36.8633158,-1.2585826000000002
36.863496,-1.2598982
36.855625499999995,-1.2631221
36.85475420000001,-1.2631963
36.8613008,-1.2612011
36.85419029999999,-1.2628801
36.853700100000005,-1.2628436000000003
36.8539548,-1.2611513
36.857186500000005,-1.2630172
36.8542255,-1.2613952
36.8547243,-1.2613739000000002
36.853906300000006,-1.2611012
36.85697770000001,-1.2629159
36.85480689999999,-1.2619297
36.854654200000006,-1.2613593
36.8457346,-1.2586509
36.8472618,-1.2579136
36.8475293,-1.2577962
36.8476207,-1.2574373
36.847451,-1.2573198
36.8471378,-1.2574438
36.8466091,-1.2576069
36.8462697,-1.2574569
36.8458325,-1.2572415
36.8455453,-1.2572742
36.8453495,-1.2577048
36.8452647,-1.2579071000000002
36.8456693,-1.2586966
36.8496189,-1.2599099
36.865906100000004,-1.2595806
36.849427799999994,-1.2599423
36.84955660000001,-1.2597519
36.850009799999995,-1.2600495999999999
36.8498596,-1.2602936
36.8497631,-1.2602212
36.8498784,-1.2600603
36.8495753,-1.2598511000000001
36.84949219999999,-1.2599986
36.867567,-1.25614
36.86571880000001,-1.2596304
36.868683000000004,-1.254026
36.875466,-1.251098
36.871034,-1.2536886
36.876739,-1.2498940000000003
36.87782200000001,-1.2534840000000003
36.850579,-1.262508
36.868162,-1.2586022000000001
36.8650356,-1.2582115
36.868618000000005,-1.254957
36.8661758,-1.258525
36.868339,-1.2585989000000002
36.8680843,-1.2576872999999997
36.86651400000001,-1.2561390000000001
36.8669615,-1.2578268
36.86618,-1.2584736000000003
36.8655353,-1.259218
36.865942,-1.259703
36.8636971,-1.2575578
36.86546669999999,-1.2590757
36.874387000000006,-1.250441
36.870983,-1.252256
36.872903,-1.2595060000000002
36.871351,-1.2578929999999997
36.8727703,-1.2594525999999997
36.87043599999999,-1.252923
36.87687300000001,-1.249874
36.871516099999994,-1.2557347
36.8726663,-1.2554349
36.871371,-1.257862
36.865381,-1.256472
36.8646362,-1.259164
36.86648999999999,-1.25946
36.868824,-1.25399
36.875422,-1.2517590000000003
36.8743686,-1.2503503
36.8755753,-1.2586734000000002
36.870462,-1.253484
36.873813,-1.251946
36.875061,-1.2512170000000002
36.87732,-1.253689
36.8497213,-1.2622547
36.85023520000001,-1.2625731
36.845192,-1.263956
36.868957,-1.2539490000000002
36.874741,-1.2512650000000003
36.8707282,-1.2591332999999998
36.8721969,-1.2564621999999999
36.87106,-1.253509
36.84515499999999,-1.264408
36.8532363,-1.263053
36.8524983,-1.2632747999999998
36.8447083,-1.2639533
36.84512170000001,-1.2645267
36.849418299999996,-1.2625183
36.8498633,-1.2623017000000003
36.85365500000001,-1.2628033
36.8546033,-1.2629766999999998
36.8547333,-1.2635317
36.8624883,-1.2582267
36.861305,-1.2589083000000003
36.85904,-1.2614683
36.8592333,-1.2620633000000003
36.8577317,-1.2617116999999998
36.8581383,-1.2621983
36.85793999999999,-1.2621317000000003
36.8450283,-1.2645673
36.862246,-1.2591315
36.8622535,-1.2591001999999998
36.845051,-1.2638293
36.8446999,-1.2641304
36.84508790000001,-1.2644644000000003
36.8501747,-1.2626823
36.8520394,-1.2627702
36.865056599999996,-1.2594929
36.864770400000005,-1.2582211000000003
36.8680034,-1.2586466
36.8648225,-1.2582639000000002
36.8651357,-1.2593887
36.86483059999999,-1.2581004
36.8648644,-1.2583484000000003
36.8677284,-1.2576175000000003
36.8650404,-1.2582543999999998
36.865007,-1.2585158000000003
36.87325980000001,-1.2588770000000002
36.8731764,-1.2581531000000001
36.8734017,-1.25809
36.8575611,-1.2630200000000003
36.8573923,-1.2629266000000001
36.8653915,-1.2587
36.8659459,-1.2593155
36.8671247,-1.2587995
36.8663067,-1.25944
36.8663208,-1.2594331
36.8680983,-1.2587432999999997
36.8581941,-1.2629990000000002
36.8580624,-1.2629362
36.8667005,-1.2585040000000003
36.8671445,-1.2584465000000002
36.866904,-1.2577676000000002
36.8674174,-1.2578236
36.8695314,-1.2553741
36.8694659,-1.255931
36.8695384,-1.2563336
36.8695443,-1.2554732
36.8721979,-1.2550195
36.8694912,-1.2560066000000003
36.872292099999996,-1.2562970000000002
36.86769,-1.2578900000000002
36.867738300000006,-1.2576633
36.87232899999999,-1.2563963000000002
36.8721563,-1.2550044
36.8750817,-1.2561157
36.8773167,-1.2534702
36.8751487,-1.2560811
36.8762716,-1.2568696
36.8762778,-1.2568418
36.8687991,-1.2580364
36.878069000000004,-1.2562514
36.8679567,-1.2576448
36.8736433,-1.2584749999999998
36.8685698,-1.2579087
36.8695415,-1.2563801999999997
36.8723078,-1.2566489
36.872264900000005,-1.2565139
36.8719737,-1.2551761000000001
36.8719816,-1.2551500000000002
36.874874,-1.2585239999999998
36.8748719,-1.2585807000000002
36.8753928,-1.2583234000000003
36.8727693,-1.2548446000000002
36.8724016,-1.2548881000000003
36.87564549999999,-1.2586605
36.87263320000001,-1.2546723
36.87274000000001,-1.2548093
36.8766189,-1.2580929999999997
36.8766784,-1.2581824
36.8753462,-1.2590389
36.8752273,-1.2591239000000003
36.86283190000001,-1.2604512
36.8657135,-1.2596936999999997
36.8736433,-1.2584749999999998
36.8559538,-1.2635738
36.8452733,-1.2644957
36.92681929999999,-1.1835905
36.9263868,-1.1834133999999998
36.9269105,-1.1837461
36.92805729999999,-1.1829966
36.9269641,-1.1839123000000003
36.9280713,-1.184074
36.9261152,-1.1829927000000002
36.9260979,-1.1833772000000002
36.9269646,-1.1840773
36.926631500000006,-1.1834618
36.9278954,-1.1829924
36.927487,-1.1829925
36.89840790000001,-1.1896636
36.9124476,-1.1887122
36.9253121,-1.1784067999999999
36.9251795,-1.1797395
36.9273219,-1.1786767000000002
36.9259737,-1.1773162
36.92542650000001,-1.1773604
36.9253238,-1.1783082
36.9271344,-1.1784913999999997
36.8644395,-1.2106306
36.8660701,-1.2158266
36.8662542,-1.2162083
36.8667177,-1.2159561
36.86652,-1.2154653
36.8659883,-1.2156357000000002
36.865900999999994,-1.2262071
36.8656774,-1.2266115
36.866097,-1.2267421
36.86626029999999,-1.2263703
36.8619761,-1.197057
36.861210199999995,-1.2000684
36.863753700000004,-1.1990377000000003
36.8641286,-1.1976032
36.8434333,-1.2289612
36.9092042,-1.2059575
36.8415052,-1.2250024999999998
36.8557687,-1.252763
36.8548754,-1.2533663
36.8876075,-1.2121962
36.8874151,-1.212772
36.8891317,-1.2133546
36.8895425,-1.2119188999999997
36.86921999999999,-1.2291192000000002
36.9120143,-1.2021785
36.8878669,-1.2113473
36.8873146,-1.2115792000000003
36.8871585,-1.2120461999999999
36.889374800000006,-1.2125971
36.8892542,-1.2129749000000003
36.8877431,-1.2117229
36.92944610000001,-1.1806695
36.8626141,-1.2000761
36.8644696,-1.2004482000000003
36.8646807,-1.1993984000000002
36.86382050000001,-1.1991339
36.8637864,-1.1990848999999997
36.87365580000001,-1.2493591
36.8753591,-1.2496642
36.891925900000004,-1.2503088
36.89168070000001,-1.2476434000000003
36.88785519999999,-1.2495228999999999
36.8905282,-1.2496544000000003
36.8896147,-1.2516151999999998
36.8920932,-1.2490016
36.8937715,-1.2426292
36.88651089999999,-1.246829
36.89347010000001,-1.2433777
36.8886348,-1.2440515
36.8938286,-1.2416408
36.8895386,-1.2444026
36.8870879,-1.2468366
36.8870074,-1.2468249
36.8864641,-1.2441343
36.8849459,-1.2405623
36.8849781,-1.2407785000000002
36.8851028,-1.2440639
36.8961197,-1.2380138999999997
36.9002345,-1.2372225000000001
36.9015352,-1.2385528
36.893097,-1.2429913
36.8937548,-1.242515
36.8934282,-1.2433949
36.8951611,-1.2392845000000001
36.8942675,-1.2414197000000002
36.8934512,-1.2411494
36.8791488,-1.2463522
36.870583599999996,-1.2491484
36.871635,-1.2492128
36.8720964,-1.2507815
36.8709591,-1.2510202
36.8706909,-1.2500414
36.870532600000004,-1.249363
36.8717691,-1.2492046999999997
36.8733704,-1.2491967000000002
36.873485800000005,-1.2498027000000003
36.8721688,-1.2507574
36.8888119,-1.2498023999999999
36.8901194,-1.2501655000000003
36.8924536,-1.2499994999999997
36.8911645,-1.2487597
36.8900239,-1.2503020000000002
36.8902798,-1.2481163
36.89004800000001,-1.2511031
36.8866013,-1.2358612
36.855073899999994,-1.2539299
36.855721,-1.2535965
36.855840099999995,-1.2535092000000003
36.8560784,-1.2535409000000002
36.8561697,-1.253406
36.85915260000001,-1.2519026000000002
36.869884,-1.252057
36.867579,-1.253285
36.8557583,-1.2544188000000003
36.81492149999999,-1.2721676000000002
36.8404706,-1.2772155
36.8406254,-1.2768655
36.839986,-1.2766726
36.83738700000001,-1.2689406
36.8250539,-1.2729585000000003
36.8197282,-1.2873169
36.82013070000001,-1.2871757
36.8197505,-1.2873623
36.831787199999994,-1.2745156000000002
36.831696,-1.274724
36.8317293,-1.2746644
36.8317525,-1.2745073
36.83180740000001,-1.2743298
36.831747099999994,-1.2746687
36.831692700000005,-1.2742419
36.8316851,-1.2747697000000002
36.831821100000006,-1.2742726
36.8318342,-1.2743362
36.83177630000001,-1.2744078999999997
36.8317319,-1.2747325999999999
36.8315729,-1.2747428999999997
36.8317508,-1.2745745
36.8317719,-1.2745795000000002
36.83181489999999,-1.2744171
36.8235647,-1.2718366000000003
36.8239885,-1.2723542
36.8240287,-1.2718303
36.82357100000001,-1.2718624
36.8241013,-1.271828
36.8238651,-1.2718581
36.82398580000001,-1.2722387999999998
36.82358080000001,-1.2723595
36.8241032,-1.2721585
36.823453,-1.2719777
36.82346820000001,-1.2723568
36.8221556,-1.269924
36.8234762,-1.2719975
36.823945599999995,-1.2723515
36.82385980000001,-1.2723381
36.8219881,-1.2710553000000002
36.8241065,-1.2719895
36.8234667,-1.2722072000000002
36.8240368,-1.2723488
36.82393220000001,-1.2723675999999997
36.8241108,-1.2723425999999998
36.8240261,-1.2721557
36.824034100000006,-1.2719546
36.8238678,-1.2722281
36.8238705,-1.2719626
36.823453,-1.2718355
36.8238678,-1.2718259
36.8240341,-1.2722281
36.824018,-1.2720002
36.8235701,-1.2719573
36.82358349999999,-1.2723327000000002
36.8235647,-1.2719975
36.8235754,-1.272204
36.8238822,-1.2723692000000002
36.8240109,-1.2719562
36.8235781,-1.2722442
36.8240046,-1.2718231999999998
36.8365883,-1.2714872
36.837553500000006,-1.2720486
36.8366688,-1.2716266
36.84837319999999,-1.3138086999999998
36.8388482,-1.3071742000000002
36.8404177,-1.3066821000000002
36.8406344,-1.3088212
36.842814399999995,-1.3106567
36.8397143,-1.3089638999999997
36.8404741,-1.3092411
36.8428567,-1.3106869
36.846100400000005,-1.3116862000000002
36.84258189999999,-1.3109296
36.84966570000001,-1.3121491
36.8437743,-1.3112351000000002
36.836733699999996,-1.3077646
36.838407,-1.3090112
36.830487399999996,-1.3105356999999997
36.8422238,-1.3164418
36.84265599999999,-1.3141689000000003
36.8347605,-1.3105069
36.8497219,-1.3121560000000005
36.8497815,-1.3120424999999998
36.848715,-1.3128177000000003
36.8489757,-1.3126462
36.85014590000001,-1.3127757000000002
36.8441965,-1.3113987
36.8455828,-1.3115659999999998
36.8463222,-1.3127209999999998
36.845308700000004,-1.3121783
36.8337338,-1.3121851999999998
36.8454762,-1.3132053
36.8438315,-1.3111099
36.8333858,-1.3077173
36.8456942,-1.3124796000000003
36.8403715,-1.3091604
36.8405127,-1.3090852
36.84286730000001,-1.3106600999999998
36.8427258,-1.3110143000000003
36.841714,-1.3097455999999998
36.8383475,-1.3087679
36.8370491,-1.310919
36.840657,-1.3093466
36.8378181,-1.2727963999999998
36.8324242,-1.3119115999999997
36.8324859,-1.311909
36.83248849999999,-1.3119626
36.8330277,-1.3119679
36.8330304,-1.3120940000000003
36.8333737,-1.3120993
36.8333764,-1.3121932
36.8330277,-1.3121851
36.8330357,-1.3124077
36.8334434,-1.3124077
36.83344069999999,-1.3125095999999998
36.83293919999999,-1.3124935
36.83293919999999,-1.3123862999999998
36.8325234,-1.3123701999999997
36.8325261,-1.3122817000000002
36.832933800000006,-1.3122817000000002
36.832931099999996,-1.3120644999999997
36.83242690000001,-1.3120537999999997
36.8201084,-1.2871303000000003
36.831830499999995,-1.3063127000000003
36.8329315,-1.3061723
36.8333889,-1.3075757
36.8323509,-1.3081575999999997
36.822899,-1.2919021
36.8233222,-1.2916996
36.8234653,-1.2919986
36.823042,-1.292201
36.8271618,-1.2679143999999998
36.8274998,-1.2678527
36.827430099999994,-1.2674585
36.8270814,-1.2675201999999999
36.83779810000001,-1.3168577
36.8378193,-1.3171711000000002
36.837819700000004,-1.3170828
36.8378196,-1.3169703
36.8349048,-1.3083221999999999
36.8349954,-1.3083582999999999
36.835159,-1.308449
36.8352769,-1.3085307
36.835594500000006,-1.3087828
36.8355516,-1.3088326000000001
36.8355489,-1.3088851000000001
36.8354964,-1.3090376999999997
36.8355005,-1.3090466
36.83560140000001,-1.3090587999999999
36.8356695,-1.3090922
36.8357881,-1.3091045000000001
36.83596190000001,-1.3091071999999997
36.8358461,-1.3091222
36.8359244,-1.3091303999999997
36.8359088,-1.3091358
36.8349048,-1.3097505000000003
36.8366292,-1.3097559
36.837398,-1.3082400000000003
36.83668889999999,-1.3092329
36.837071,-1.3093091
36.8366539,-1.308768
36.836806,-1.3078469999999998
36.83994189999999,-1.308366
36.8401408,-1.3097441000000003
36.8444239,-1.3125926999999997
36.838077,-1.3088249
36.84045460000001,-1.3066239
36.8411516,-1.3081208999999998
36.8358729,-1.3090716000000002
36.8335239,-1.3080611
36.842726999999996,-1.3110421
36.8443729,-1.3125655
36.840399,-1.3067447
36.8404875,-1.3068336000000003
36.8407155,-1.3070668
36.8412319,-1.3072140000000003
36.839770400000006,-1.3089837
36.838450599999994,-1.309044
36.848392600000004,-1.3137110999999997
36.8484302,-1.3145687000000001
36.847889,-1.313927
36.842798200000004,-1.3105797
36.8188247,-1.2701166
36.81779769999999,-1.2695746
36.8166154,-1.2716979
36.819789699999994,-1.2802523000000001
36.8198004,-1.2799305000000003
36.82027250000001,-1.2796087
36.8207874,-1.2794693000000001
36.82106910000001,-1.2801003
36.8209854,-1.2802002
36.8207756,-1.2804852
36.82045980000001,-1.2807965
36.84123650000001,-1.3151479000000001
36.8149187,-1.2682289000000002
36.815548500000006,-1.2686138999999999
36.8157007,-1.2683616
36.81736980000001,-1.2726071
36.81731,-1.2726962
36.817468999999996,-1.2728027
36.817528700000004,-1.2727137
36.8198347,-1.2671223
36.8196905,-1.2674086000000002
36.8184994,-1.2669069
36.826147500000005,-1.2768941000000003
36.82599220000001,-1.2772804999999998
36.8259289,-1.2776605
36.8260873,-1.2777111999999997
36.826195,-1.2776542
36.8263724,-1.2774452
36.8266036,-1.2772298
36.82667330000001,-1.2771411999999998
36.8349519,-1.2737045
36.8403235,-1.2791436000000003
36.8416352,-1.2796119999999997
36.8406533,-1.2808890000000002
36.839879399999994,-1.2818428
36.839648499999996,-1.2816855
36.8392805,-1.2812898000000001
36.8388669,-1.2809701
36.8387223,-1.280785
36.8393668,-1.2800645
36.8400464,-1.2792642
36.8401585,-1.279136
36.84171909999999,-1.2777127999999998
36.841478,-1.2782684
36.8428026,-1.2788189
36.84307669999999,-1.2782125
36.84029300000001,-1.2776874
36.8414425,-1.2782176
36.841681,-1.2776722000000003
36.8398616,-1.2785625999999999
36.8392958,-1.2783521
36.825480500000005,-1.2756529000000003
36.8160742,-1.2670750000000002
36.8389711,-1.2805069000000002
36.838934599999995,-1.2805476
36.8432517,-1.2665098
36.82066030000001,-1.2806226
36.8161501,-1.2676043000000001
36.8159087,-1.2680187
36.8432736,-1.2666319000000001
36.8432844,-1.2666557
36.8237409,-1.2729501000000003
36.8239013,-1.2727224
36.8251522,-1.2726870999999997
36.8252227,-1.2720522
36.8260631,-1.2721741
36.826358199999994,-1.2726487
36.82523230000001,-1.2735016000000001
36.825011,-1.2733284999999999
36.8238179,-1.2735465
36.824770900000004,-1.2700395000000002
36.8248921,-1.2699702000000002
36.824973,-1.2700799
36.8249152,-1.2701722
36.8249037,-1.2704897
36.8247016,-1.2705069999999998
36.8247305,-1.2714132
36.8251058,-1.2715171
36.825105799999996,-1.2717653
36.8251115,-1.2726715
36.8238414,-1.2726773000000002
36.8237028,-1.2729485
36.82338529999999,-1.2730236
36.8222364,-1.2714709
36.8376373,-1.2733922
36.8407312,-1.2745285
36.8408478,-1.2740575
36.8406535,-1.2739555
36.840162899999996,-1.2724939
36.8385067,-1.2728484
36.8382395,-1.2729067
36.83831070000001,-1.2736337
36.8389054,-1.2738612000000002
36.8384391,-1.2723859000000002
36.839800100000005,-1.2771248
36.8410722,-1.2804112000000003
36.8409912,-1.2803405
36.84251569999999,-1.2799850000000002
36.84220479999999,-1.2798375000000002
36.8407509,-1.2744490999999998
36.8372221,-1.2680159000000002
36.837554100000006,-1.2679257
36.8377988,-1.2679967000000003
36.8383663,-1.2687838000000002
36.8387714,-1.2695408999999998
36.83878529999999,-1.2696311
36.8372018,-1.2700505999999998
36.837039000000004,-1.2699987
36.8368231,-1.2698367
36.836756,-1.2697544999999997
36.8362906,-1.26902
36.8362721,-1.2688906
36.837345000000006,-1.2700145999999999
36.8373794,-1.2700054
36.8369514,-1.2704886
36.8375703,-1.270224
36.83702610000001,-1.2703646000000002
36.8385573,-1.2699937000000001
36.838606,-1.2700237
36.8387893,-1.2706951
36.838953700000005,-1.2714848
36.83904979999999,-1.2723105
36.8389454,-1.2727545
36.8396922,-1.2725947000000002
36.815387,-1.2436026999999998
36.814219699999995,-1.2430705999999998
36.815541499999995,-1.2434997
36.808681,-1.2607227000000003
36.8087668,-1.2617352
36.80927320000001,-1.2609028999999998
36.816653200000005,-1.2408167
36.8092145,-1.26038
36.84084339999999,-1.2494818000000003
36.8074149,-1.2238567
36.803132,-1.2297927000000002
36.8076806,-1.2618994000000001
36.8084102,-1.2606176
36.808431600000006,-1.2622694
36.75029730000001,-1.2511621999999998
36.75026510000001,-1.2518594
36.74836669999999,-1.2510871
36.7480448,-1.25172
36.748763600000004,-1.2518701000000003
36.74833939999999,-1.2661959
36.7466818,-1.2646446
36.746777,-1.2665820000000003
36.74780830000001,-1.266275
36.7698257,-1.2555592999999998
36.8018323,-1.2560729
36.8019242,-1.2560763999999998
36.8019159,-1.2562961
36.8018241,-1.2562927
36.79857919999999,-1.2579219
36.79778519999999,-1.2575653
36.82307829999999,-1.2651924
36.8236872,-1.2654365
36.823156100000006,-1.2662275
36.8229174,-1.2661122
36.822963,-1.265651
36.8085086,-1.260489
36.809565400000004,-1.2608670999999998
36.80990870000001,-1.2601484
36.8089592,-1.2597757
36.8024978,-1.2327899
36.8026095,-1.232805
36.8027736,-1.2324968000000003
36.8025415,-1.2324655000000002
36.82274259999999,-1.2217604
36.8234132,-1.2222109
36.8228392,-1.2233103000000003
36.82220079999999,-1.2228303
36.81169340000001,-1.2555542
36.8120139,-1.2557552
36.8118195,-1.2553531000000002
36.8121319,-1.2555085
36.8121315,-1.2387859
36.8122274,-1.2386671
36.8123003,-1.2385789
36.8122389,-1.238529
36.81219289999999,-1.2384446999999998
36.81219289999999,-1.2383258
36.8122888,-1.2382414
36.812308,-1.2381992
36.8122696,-1.2381110999999998
36.8122313,-1.2380190000000002
36.7593233,-1.2593652000000002
36.76932260000001,-1.2555091
36.7684858,-1.2554823000000002
36.7677777,-1.2557451
36.7675792,-1.2558685
36.76715,-1.2561956
36.766619,-1.2564209
36.766104,-1.2567319
36.7657499,-1.2568767000000003
36.7649292,-1.2569786
36.7641406,-1.2568714
36.7636524,-1.2568821000000001
36.7626439,-1.256807
36.7623006,-1.2568124000000003
36.7620538,-1.2569357
36.761812400000004,-1.2571342
36.7615174,-1.2573487
36.760965000000006,-1.2576401
36.7603084,-1.2579926
36.7595108,-1.2583331
36.7598203,-1.2591385999999998
36.76605639999999,-1.2327498000000001
36.7679687,-1.2293579
36.7674597,-1.2292739000000001
36.7649799,-1.2290078
36.76497530000001,-1.2290778
36.7648959,-1.2290591
36.7647698,-1.2290918
36.764653,-1.2292879000000003
36.7631353,-1.2319958999999998
36.763044400000005,-1.2323467
36.7630844,-1.2326307999999997
36.763756300000004,-1.2328512000000003
36.7651139,-1.2324785999999999
36.7650608,-1.2326126
36.80425269999999,-1.2540851000000002
36.82262300000001,-1.2654866
36.8181652,-1.2554484
36.81884420000001,-1.2555216999999999
36.81881039999999,-1.2558354
36.818131300000005,-1.255762
36.8176284,-1.2148884
36.7634149,-1.2295934
36.7617267,-1.230722
36.7586522,-1.2398179
36.7598623,-1.239837
36.761197700000004,-1.2405241
36.7609581,-1.2418279999999997
36.7579321,-1.2408867000000001
36.7581522,-1.2403334
36.7606851,-1.2398742999999999
36.75105860000001,-1.2406474
36.75174909999999,-1.2408917000000002
36.7519965,-1.2395109
36.751330700000004,-1.2394488000000001
36.7645945,-1.2532148
36.7769478,-1.2516516
36.7584249,-1.2662395
36.7571338,-1.2658185
36.8146315,-1.2658727
36.816565999999995,-1.2668851
36.8164269,-1.2665994
36.8150248,-1.2659398
36.8147557,-1.2658028
36.7887218,-1.2412628999999997
36.8165016,-1.2553543
36.81627629999999,-1.2556061
36.8168153,-1.2559815000000003
36.8170097,-1.2559506000000003
36.8173543,-1.2557208999999998
36.8173455,-1.2554868000000001
36.8194788,-1.2595306
36.819390399999996,-1.2597824
36.8200885,-1.2601269
36.82029610000001,-1.2598442
36.82184689999999,-1.2600673000000002
36.8215597,-1.2605509
36.8223793,-1.2610015
36.8224875,-1.2606227000000003
36.8225118,-1.2607839
36.822442800000005,-1.2607431999999998
36.8206755,-1.2063699
36.8321335,-1.2136318999999998
36.8330993,-1.2141954000000001
36.8328314,-1.2129116
36.833751500000005,-1.2137146
36.8331167,-1.213169
36.8334105,-1.2140193000000001
36.83343419999999,-1.2135116
36.8078582,-1.2240785000000003
36.8071259,-1.2266922
36.811054,-1.2272495
36.8112897,-1.2249211
36.8052352,-1.2319034
36.8278261,-1.226931
36.8199646,-1.2586698
36.8208874,-1.2593120000000002
36.8204849,-1.2599339
36.8195174,-1.259438
36.8188394,-1.2663217000000002
36.802758100000005,-1.2326118
36.80263769999999,-1.2325956000000002
36.7723726,-1.2460747
36.7720582,-1.2465047999999999
36.773133699999995,-1.2464772
36.7732937,-1.2460472000000002
36.7467014,-1.2649628
36.7467067,-1.2650573
36.7467433,-1.265664
36.7467421,-1.265521
36.7482934,-1.2646013
36.7475578,-1.2663657
36.747687,-1.2663286
36.7272224,-1.2645324
36.7528459,-1.2665228
36.7344417,-1.2634067
36.732115,-1.2636649999999998
36.7324742,-1.2630942
36.73155830000001,-1.2633492
36.7228124,-1.2631569
36.7222494,-1.263215
36.722601700000006,-1.2635250000000002
36.74304970000001,-1.2338949
36.743454199999995,-1.2342458
36.7248097,-1.2551672
36.7250758,-1.2553453
36.7228349,-1.2559952999999997
36.72290300000001,-1.2560066000000003
36.7217833,-1.2594008
36.7611664,-1.2430374000000002
36.7613553,-1.2431438
36.7618156,-1.2433476
36.7496111,-1.2715967
36.7505867,-1.2717244
36.7505202,-1.2717229
36.7507083,-1.2713500000000002
36.75056,-1.2709188
36.7507031,-1.2700172
36.750788,-1.2700463
36.749848,-1.269114
36.749158900000005,-1.2691682
36.746776700000005,-1.2714539000000002
36.7467665,-1.2715039
36.7482654,-1.2707762
36.7470867,-1.2715372000000003
36.7473512,-1.2712667999999998
36.7457423,-1.2723706000000001
36.745736300000004,-1.2723753000000002
36.745715000000004,-1.2723982
36.752844200000006,-1.2665044999999997
36.73775160000001,-1.2744436
36.737271699999994,-1.2746061000000002
36.737321099999996,-1.2746222
36.740478800000005,-1.2740552000000003
36.7404853,-1.2740576000000001
36.738572299999994,-1.2734309
36.7377394,-1.2743335
36.73771880000001,-1.2742699
36.7241139,-1.2557006
36.7239417,-1.2556812
36.7501315,-1.2632622
36.7501806,-1.2632929
36.7494937,-1.263678
36.75107119999999,-1.2634332
36.75107439999999,-1.2635017
36.74401520000001,-1.2592852000000003
36.7511382,-1.2524527
36.741763000000006,-1.2641323
36.74193919999999,-1.264105
36.736083300000004,-1.2641832999999998
36.7359333,-1.2641258000000002
36.73600590000001,-1.2641491
36.7515706,-1.2632449999999997
36.7515242,-1.2632270999999997
36.75089030000001,-1.266696
36.7508911,-1.2667067999999997
36.7380629,-1.2613364000000002
36.73787380000001,-1.2614221
36.7391419,-1.2626283
36.7390446,-1.2625788999999998
36.7476354,-1.2668524999999997
36.7485165,-1.2654831
36.7483665,-1.2660458
36.7475456,-1.2669113
36.7471275,-1.2659054
36.7481407,-1.2656275999999997
36.74798940000001,-1.2658564
36.7432817,-1.2734592
36.74321770000001,-1.2729015
36.74407,-1.2706961000000003
36.743277,-1.2734626999999998
36.74320060000001,-1.2728871
36.7428123,-1.2717421
36.7428381,-1.2717196
36.7424925,-1.2703817
36.7532829,-1.2688716
36.7532643,-1.2688906
36.7385526,-1.2752185
36.7385183,-1.2752225
36.738616699999994,-1.2734237
36.7524797,-1.2685692
36.7464425,-1.2726271000000002
36.7464404,-1.272625
36.7474826,-1.271845
36.7509308,-1.2683852000000002
36.7509294,-1.2683421
36.75036070000001,-1.2685843
36.750410699999996,-1.2685540000000002
36.7487533,-1.2681238
36.7472839,-1.2704542000000003
36.7487776,-1.2669144
36.7488015,-1.2668863
36.7527039,-1.2685067
36.7354631,-1.2683814999999998
36.7329752,-1.2661692
36.73197,-1.2658857
36.7310715,-1.2652233000000002
36.7311175,-1.2652386000000002
36.7383301,-1.2735749000000003
36.7329492,-1.2661504
36.7319537,-1.2656723999999997
36.732867000000006,-1.2656557000000002
36.7317235,-1.2678489000000002
36.7316326,-1.2677942
36.7358658,-1.2701146
36.7365367,-1.2747583
36.7321738,-1.2674626
36.7319331,-1.265833
36.73250980000001,-1.2678171
36.763411700000006,-1.2559632999999997
36.72250830000001,-1.2645390000000003
36.7227815,-1.2644711
36.756695500000006,-1.2591283
36.7566435,-1.2591722000000003
36.7626394,-1.2533773
36.7458638,-1.2688374
36.745791600000004,-1.2689517999999997
36.74527760000001,-1.2684718999999998
36.7452967,-1.2684797
36.7441119,-1.2689056000000003
36.7440493,-1.2689383
36.7416436,-1.2671195
36.7450803,-1.2686701
36.7458335,-1.2687898999999998
36.7473795,-1.2649270000000001
36.7520439,-1.2715901
36.7520126,-1.2716093
36.752554200000006,-1.2673593000000003
36.7531415,-1.2675479
36.75261689999999,-1.267371
36.7532194,-1.2674648000000002
36.8133039,-1.2533431
36.7615374,-1.2573078
36.7512381,-1.2615738
36.7513918,-1.2624934999999997
36.7585869,-1.2584023
36.7586531,-1.2584579000000002
36.7589742,-1.2584994000000003
36.76235919999999,-1.2566547
36.76996150000001,-1.250525
36.7487432,-1.2517720000000003
36.7484768,-1.2517288
36.7821671,-1.255827
36.7809497,-1.2544128000000003
36.7566331,-1.2664144999999998
36.7514453,-1.2644956
36.7567315,-1.2665272
36.7548499,-1.2660307
36.7549058,-1.2660646
36.7575148,-1.26831
36.7575564,-1.2682807
36.7561398,-1.2687263
36.756133,-1.2687359000000002
36.754965600000006,-1.2696719
36.755012900000004,-1.2696997
36.7572452,-1.2692557
36.7468768,-1.2394815000000001
36.759822899999996,-1.2577051999999997
36.7587608,-1.257842
36.7585456,-1.2578707
36.7552769,-1.267202
36.7521817,-1.2711550000000003
36.7521851,-1.2711007000000003
36.7546533,-1.2699767000000002
36.7547605,-1.2699522
36.81414139999999,-1.2536573000000002
36.81672590000001,-1.2560039999999997
36.8126753,-1.2537293
36.7548531,-1.2643818999999998
36.7568561,-1.2591793999999998
36.7635725,-1.2562616
36.7555103,-1.2659062
36.7561394,-1.2662076
36.7552745,-1.2672639999999997
36.752250600000004,-1.2716575
36.7522757,-1.2715746
36.7547533,-1.2701883
36.75476,-1.2701425
36.75482170000001,-1.2703266999999998
36.8117789,-1.2555491
36.81596309999999,-1.2667679999999997
36.8117061,-1.2555437999999999
36.8079855,-1.2617242
36.8081221,-1.2618184
36.81810080000001,-1.2561734
36.8166937,-1.2559905999999998
36.809502,-1.2608444
36.746833200000005,-1.2384613
36.7478114,-1.2390326
36.7470252,-1.2404796
36.7459441,-1.240064
36.8272284,-1.2109705
36.82879559999999,-1.2118315
36.8221727,-1.2155308
36.8237837,-1.2155826
36.8246682,-1.2139107999999998
36.823343,-1.2146773
36.8242143,-1.2145907
36.8210297,-1.2150044
36.82327630000001,-1.2147566000000003
36.82153430000001,-1.21481
36.8216795,-1.2147502
36.8211144,-1.2150370000000001
36.8246318,-1.2137153
36.82480219999999,-1.2136468000000002
36.7316515,-1.2634065
36.7455403,-1.2665717
36.74729,-1.2711300000000003
36.7497321,-1.2666063000000003
36.7497179,-1.2665958
36.7501967,-1.2662992
36.7455267,-1.2665521000000002
36.7501794,-1.2662393000000003
36.7308987,-1.2631775
36.7638014,-1.2402743
36.759228900000004,-1.2255514
36.811928099999996,-1.2250821999999997
36.8108199,-1.2271616
36.8101097,-1.2272431
36.8094836,-1.2273959000000003
36.80922739999999,-1.2274440000000002
36.8090001,-1.2274209
36.8086269,-1.2272360000000002
36.80825970000001,-1.2270554
36.8077023,-1.2269467
36.8065351,-1.2262102
36.8063325,-1.2258957999999998
36.806824400000004,-1.2249555
36.808448000000006,-1.2242428
36.8094134,-1.2244788
36.81290570000001,-1.237113
36.8162531,-1.2383920999999998
36.8140119,-1.2430143000000002
36.8136594,-1.2413579
36.8135118,-1.2406125
36.8130183,-1.2402156
36.811824699999995,-1.2392717
36.8125013,-1.2374950999999998
36.8172318,-1.2393346
36.7374517,-1.2726382999999999
36.7373467,-1.2726817
36.752515,-1.2672683
36.7525167,-1.267335
36.746885,-1.2685383000000001
36.7467933,-1.2685867
36.748920000000005,-1.2691717
36.74641,-1.268125
36.8032325,-1.2302385000000002
36.770102900000005,-1.2436753999999999
36.748784400000005,-1.2700498999999998
36.781286,-1.2203209
36.7762924,-1.2203493
36.7764486,-1.2210890000000003
36.7727819,-1.2183401
36.7623083,-1.2226538000000002
36.76888029999999,-1.2194123
36.8037449,-1.2500832999999998
36.8096556,-1.2245398
36.727531500000005,-1.2660738
36.76108130000001,-1.2402842999999997
36.7608469,-1.2399176000000003
36.7609963,-1.2400554000000001
36.7582759,-1.2401458
36.758012400000005,-1.2405599
36.758487499999994,-1.2399421
36.751117400000005,-1.2406682
36.7225854,-1.2644178
36.7225799,-1.2643671
36.72269,-1.2643551
36.7226953,-1.2644035
36.7227223,-1.2644004999999998
36.7227335,-1.2645037000000001
36.7226893,-1.2645084999999998
36.7226905,-1.2645191999999998
36.7225043,-1.2645027000000002
36.7224416,-1.2645094999999997
36.7224335,-1.2644342999999998
36.7227775,-1.2643327
36.7228685,-1.2643301000000002
36.7228724,-1.2644685
36.7645933,-1.2531925
36.7644555,-1.2532223
36.7644569,-1.2532486
36.7646712,-1.2532852
36.7646905,-1.2532842
36.76468529999999,-1.2531876
36.764676,-1.2533747000000002
36.76443679999999,-1.2533875000000003
36.7644294,-1.2532501
36.7690736,-1.2555007999999999
36.769007,-1.2554975999999998
36.764872700000005,-1.2326334
36.7639674,-1.2328573
36.7631601,-1.2326978000000002
36.7633317,-1.2327447
